INSERT INTO state (id, name, region) VALUES (0, 'Alabama', 'West');
INSERT INTO congress_person (id, state_id, name, district, party, start_date) VALUES (0, 0, 'Carl, Jerry', '1st', 'R', '2023-05-23');
INSERT INTO congress_person (id, state_id, name, district, party, start_date) VALUES (1, 0, 'Moore, Barry', '2nd', 'R', '2023-10-00');
INSERT INTO congress_person (id, state_id, name, district, party, start_date) VALUES (2, 0, 'Rogers, Mike', '3rd', 'R', '2023-05-27');
INSERT INTO congress_person (id, state_id, name, district, party, start_date) VALUES (3, 0, 'Aderholt, Robert', '4th', 'R', '2023-01-10');
INSERT INTO congress_person (id, state_id, name, district, party, start_date) VALUES (4, 0, 'Strong, Dale', '5th', 'R', '2023-09-11');
INSERT INTO congress_person (id, state_id, name, district, party, start_date) VALUES (5, 0, 'Palmer, Gary', '6th', 'R', '2023-08-23');
INSERT INTO congress_person (id, state_id, name, district, party, start_date) VALUES (6, 0, 'Sewell, Terri', '7th', 'D', '2023-07-05');
INSERT INTO state (id, name, region) VALUES (1, 'Alaska', 'Southwest');
INSERT INTO congress_person (id, state_id, name, district, party, start_date) VALUES (7, 1, 'Peltola, Mary', 'At Large', 'D', '2023-11-23');
INSERT INTO state (id, name, region) VALUES (2, 'American Samoa', 'West');
INSERT INTO congress_person (id, state_id, name, district, party, start_date) VALUES (8, 2, 'Radewagen, Aumua Amata', 'Delegate', 'R', '2023-09-04');
INSERT INTO state (id, name, region) VALUES (3, 'Arizona', 'Southeast');
INSERT INTO congress_person (id, state_id, name, district, party, start_date) VALUES (9, 3, 'Schweikert, David', '1st', 'R', '2023-01-02');
INSERT INTO congress_person (id, state_id, name, district, party, start_date) VALUES (10, 3, 'Crane, Elijah', '2nd', 'R', '2023-00-10');
INSERT INTO congress_person (id, state_id, name, district, party, start_date) VALUES (11, 3, 'Gallego, Ruben', '3rd', 'D', '2023-07-19');
INSERT INTO congress_person (id, state_id, name, district, party, start_date) VALUES (12, 3, 'Stanton, Greg', '4th', 'D', '2023-05-25');
INSERT INTO congress_person (id, state_id, name, district, party, start_date) VALUES (13, 3, 'Biggs, Andy', '5th', 'R', '2023-06-15');
INSERT INTO congress_person (id, state_id, name, district, party, start_date) VALUES (14, 3, 'Ciscomani, Juan', '6th', 'R', '2023-03-22');
INSERT INTO congress_person (id, state_id, name, district, party, start_date) VALUES (15, 3, 'Grijalva, Raul', '7th', 'D', '2023-01-12');
INSERT INTO congress_person (id, state_id, name, district, party, start_date) VALUES (16, 3, 'Lesko, Debbie', '8th', 'R', '2023-02-09');
INSERT INTO congress_person (id, state_id, name, district, party, start_date) VALUES (17, 3, 'Gosar, Paul', '9th', 'R', '2023-03-16');
INSERT INTO state (id, name, region) VALUES (4, 'Arkansas', 'Northeast');
INSERT INTO congress_person (id, state_id, name, district, party, start_date) VALUES (18, 4, 'Crawford, Eric', '1st', 'R', '2023-08-24');
INSERT INTO congress_person (id, state_id, name, district, party, start_date) VALUES (19, 4, 'Hill, J.', '2nd', 'R', '2023-01-18');
INSERT INTO congress_person (id, state_id, name, district, party, start_date) VALUES (20, 4, 'Womack, Steve', '3rd', 'R', '2023-06-14');
INSERT INTO congress_person (id, state_id, name, district, party, start_date) VALUES (21, 4, 'Westerman, Bruce', '4th', 'R', '2023-00-07');
INSERT INTO state (id, name, region) VALUES (5, 'California', 'Southwest');
INSERT INTO congress_person (id, state_id, name, district, party, start_date) VALUES (22, 5, 'LaMalfa, Doug', '1st', 'R', '2023-07-20');
INSERT INTO congress_person (id, state_id, name, district, party, start_date) VALUES (23, 5, 'Huffman, Jared', '2nd', 'D', '2023-08-23');
INSERT INTO congress_person (id, state_id, name, district, party, start_date) VALUES (24, 5, 'Kiley, Kevin', '3rd', 'R', '2023-03-02');
INSERT INTO congress_person (id, state_id, name, district, party, start_date) VALUES (25, 5, 'Thompson, Mike', '4th', 'D', '2023-11-11');
INSERT INTO congress_person (id, state_id, name, district, party, start_date) VALUES (26, 5, 'McClintock, Tom', '5th', 'R', '2023-04-11');
INSERT INTO congress_person (id, state_id, name, district, party, start_date) VALUES (27, 5, 'Bera, Ami', '6th', 'D', '2023-05-03');
INSERT INTO congress_person (id, state_id, name, district, party, start_date) VALUES (28, 5, 'Matsui, Doris', '7th', 'D', '2023-07-14');
INSERT INTO congress_person (id, state_id, name, district, party, start_date) VALUES (29, 5, 'Garamendi, John', '8th', 'D', '2023-09-04');
INSERT INTO congress_person (id, state_id, name, district, party, start_date) VALUES (30, 5, 'Harder, Josh', '9th', 'D', '2023-10-13');
INSERT INTO congress_person (id, state_id, name, district, party, start_date) VALUES (31, 5, 'DeSaulnier, Mark', '10th', 'D', '2023-10-13');
INSERT INTO congress_person (id, state_id, name, district, party, start_date) VALUES (32, 5, 'Pelosi, Nancy', '11th', 'D', '2023-09-14');
INSERT INTO congress_person (id, state_id, name, district, party, start_date) VALUES (33, 5, 'Lee, Barbara', '12th', 'D', '2023-06-14');
INSERT INTO congress_person (id, state_id, name, district, party, start_date) VALUES (34, 5, 'Duarte, John', '13th', 'R', '2023-05-00');
INSERT INTO congress_person (id, state_id, name, district, party, start_date) VALUES (35, 5, 'Swalwell, Eric', '14th', 'D', '2023-09-14');
INSERT INTO congress_person (id, state_id, name, district, party, start_date) VALUES (36, 5, 'Mullin, Kevin', '15th', 'D', '2023-10-09');
INSERT INTO congress_person (id, state_id, name, district, party, start_date) VALUES (37, 5, 'Eshoo, Anna', '16th', 'D', '2023-06-10');
INSERT INTO congress_person (id, state_id, name, district, party, start_date) VALUES (38, 5, 'Khanna, Ro', '17th', 'D', '2023-09-15');
INSERT INTO congress_person (id, state_id, name, district, party, start_date) VALUES (39, 5, 'Lofgren, Zoe', '18th', 'D', '2023-06-01');
INSERT INTO congress_person (id, state_id, name, district, party, start_date) VALUES (40, 5, 'Panetta, Jimmy', '19th', 'D', '2023-09-20');
INSERT INTO congress_person (id, state_id, name, district, party, start_date) VALUES (41, 5, 'McCarthy, Kevin', '20th', 'R', '2023-01-22');
INSERT INTO congress_person (id, state_id, name, district, party, start_date) VALUES (42, 5, 'Costa, Jim', '21st', 'D', '2023-00-24');
INSERT INTO congress_person (id, state_id, name, district, party, start_date) VALUES (43, 5, 'Valadao, David', '22nd', 'R', '2023-01-00');
INSERT INTO congress_person (id, state_id, name, district, party, start_date) VALUES (44, 5, 'Obernolte, Jay', '23rd', 'R', '2023-01-17');
INSERT INTO congress_person (id, state_id, name, district, party, start_date) VALUES (45, 5, 'Carbajal, Salud', '24th', 'D', '2023-03-16');
INSERT INTO congress_person (id, state_id, name, district, party, start_date) VALUES (46, 5, 'Ruiz, Raul', '25th', 'D', '2023-02-19');
INSERT INTO congress_person (id, state_id, name, district, party, start_date) VALUES (47, 5, 'Brownley, Julia', '26th', 'D', '2023-05-06');
INSERT INTO congress_person (id, state_id, name, district, party, start_date) VALUES (48, 5, 'Garcia, Mike', '27th', 'R', '2023-04-19');
INSERT INTO congress_person (id, state_id, name, district, party, start_date) VALUES (49, 5, 'Chu, Judy', '28th', 'D', '2023-04-20');
INSERT INTO congress_person (id, state_id, name, district, party, start_date) VALUES (50, 5, 'Cardenas, Tony', '29th', 'D', '2023-00-26');
INSERT INTO congress_person (id, state_id, name, district, party, start_date) VALUES (51, 5, 'Schiff, Adam', '30th', 'D', '2023-11-03');
INSERT INTO congress_person (id, state_id, name, district, party, start_date) VALUES (52, 5, 'Napolitano, Grace', '31st', 'D', '2023-10-02');
INSERT INTO congress_person (id, state_id, name, district, party, start_date) VALUES (53, 5, 'Sherman, Brad', '32nd', 'D', '2023-03-00');
INSERT INTO congress_person (id, state_id, name, district, party, start_date) VALUES (54, 5, 'Aguilar, Pete', '33rd', 'D', '2023-06-23');
INSERT INTO congress_person (id, state_id, name, district, party, start_date) VALUES (55, 5, 'Gomez, Jimmy', '34th', 'D', '2023-06-13');
INSERT INTO congress_person (id, state_id, name, district, party, start_date) VALUES (56, 5, 'Torres, Norma', '35th', 'D', '2023-07-25');
INSERT INTO congress_person (id, state_id, name, district, party, start_date) VALUES (57, 5, 'Lieu, Ted', '36th', 'D', '2023-02-15');
INSERT INTO congress_person (id, state_id, name, district, party, start_date) VALUES (58, 5, 'Kamlager-Dove, Sydney', '37th', 'D', '2023-03-01');
INSERT INTO congress_person (id, state_id, name, district, party, start_date) VALUES (59, 5, 'Sanchez, Linda', '38th', 'D', '2023-02-06');
INSERT INTO congress_person (id, state_id, name, district, party, start_date) VALUES (60, 5, 'Takano, Mark', '39th', 'D', '2023-10-17');
INSERT INTO congress_person (id, state_id, name, district, party, start_date) VALUES (61, 5, 'Kim, Young', '40th', 'R', '2023-07-07');
INSERT INTO congress_person (id, state_id, name, district, party, start_date) VALUES (62, 5, 'Calvert, Ken', '41st', 'R', '2023-06-01');
INSERT INTO congress_person (id, state_id, name, district, party, start_date) VALUES (63, 5, 'Garcia, Robert', '42nd', 'D', '2023-05-19');
INSERT INTO congress_person (id, state_id, name, district, party, start_date) VALUES (64, 5, 'Waters, Maxine', '43rd', 'D', '2023-03-04');
INSERT INTO congress_person (id, state_id, name, district, party, start_date) VALUES (65, 5, 'Barragan, Nanette', '44th', 'D', '2023-07-19');
INSERT INTO congress_person (id, state_id, name, district, party, start_date) VALUES (66, 5, 'Steel, Michelle', '45th', 'R', '2023-03-07');
INSERT INTO congress_person (id, state_id, name, district, party, start_date) VALUES (67, 5, 'Correa, J.', '46th', 'D', '2023-00-04');
INSERT INTO congress_person (id, state_id, name, district, party, start_date) VALUES (68, 5, 'Porter, Katie', '47th', 'D', '2023-08-18');
INSERT INTO congress_person (id, state_id, name, district, party, start_date) VALUES (69, 5, 'Issa, Darrell', '48th', 'R', '2023-02-05');
INSERT INTO congress_person (id, state_id, name, district, party, start_date) VALUES (70, 5, 'Levin, Mike', '49th', 'D', '2023-05-01');
INSERT INTO congress_person (id, state_id, name, district, party, start_date) VALUES (71, 5, 'Peters, Scott', '50th', 'D', '2023-06-16');
INSERT INTO congress_person (id, state_id, name, district, party, start_date) VALUES (72, 5, 'Jacobs, Sara', '51st', 'D', '2023-06-12');
INSERT INTO congress_person (id, state_id, name, district, party, start_date) VALUES (73, 5, 'Vargas, Juan', '52nd', 'D', '2023-08-07');
INSERT INTO state (id, name, region) VALUES (6, 'Colorado', 'Northeast');
INSERT INTO congress_person (id, state_id, name, district, party, start_date) VALUES (74, 6, 'DeGette, Diana', '1st', 'D', '2023-05-08');
INSERT INTO congress_person (id, state_id, name, district, party, start_date) VALUES (75, 6, 'Neguse, Joe', '2nd', 'D', '2023-03-13');
INSERT INTO congress_person (id, state_id, name, district, party, start_date) VALUES (76, 6, 'Boebert, Lauren', '3rd', 'R', '2023-06-13');
INSERT INTO congress_person (id, state_id, name, district, party, start_date) VALUES (77, 6, 'Buck, Ken', '4th', 'R', '2023-10-08');
INSERT INTO congress_person (id, state_id, name, district, party, start_date) VALUES (78, 6, 'Lamborn, Doug', '5th', 'R', '2023-02-22');
INSERT INTO congress_person (id, state_id, name, district, party, start_date) VALUES (79, 6, 'Crow, Jason', '6th', 'D', '2023-01-25');
INSERT INTO congress_person (id, state_id, name, district, party, start_date) VALUES (80, 6, 'Pettersen, Brittany', '7th', 'D', '2023-01-07');
INSERT INTO congress_person (id, state_id, name, district, party, start_date) VALUES (81, 6, 'Caraveo, Yadira', '8th', 'D', '2023-03-15');
INSERT INTO state (id, name, region) VALUES (7, 'Connecticut', 'Southwest');
INSERT INTO congress_person (id, state_id, name, district, party, start_date) VALUES (82, 7, 'Larson, John', '1st', 'D', '2023-10-23');
INSERT INTO congress_person (id, state_id, name, district, party, start_date) VALUES (83, 7, 'Courtney, Joe', '2nd', 'D', '2023-05-02');
INSERT INTO congress_person (id, state_id, name, district, party, start_date) VALUES (84, 7, 'DeLauro, Rosa', '3rd', 'D', '2023-11-03');
INSERT INTO congress_person (id, state_id, name, district, party, start_date) VALUES (85, 7, 'Himes, James', '4th', 'D', '2023-09-24');
INSERT INTO congress_person (id, state_id, name, district, party, start_date) VALUES (86, 7, 'Hayes, Jahana', '5th', 'D', '2023-06-13');
INSERT INTO state (id, name, region) VALUES (8, 'Delaware', 'Southeast');
INSERT INTO congress_person (id, state_id, name, district, party, start_date) VALUES (87, 8, 'Blunt Rochester, Lisa', 'At Large', 'D', '2023-07-17');
INSERT INTO state (id, name, region) VALUES (9, 'District of Columbia', 'West');
INSERT INTO congress_person (id, state_id, name, district, party, start_date) VALUES (88, 9, 'Norton, Eleanor', 'Delegate', 'D', '2023-05-06');
INSERT INTO state (id, name, region) VALUES (10, 'Florida', 'West');
INSERT INTO congress_person (id, state_id, name, district, party, start_date) VALUES (89, 10, 'Gaetz, Matt', '1st', 'R', '2023-11-12');
INSERT INTO congress_person (id, state_id, name, district, party, start_date) VALUES (90, 10, 'Dunn, Neal', '2nd', 'R', '2023-10-04');
INSERT INTO congress_person (id, state_id, name, district, party, start_date) VALUES (91, 10, 'Cammack, Kat', '3rd', 'R', '2023-02-02');
INSERT INTO congress_person (id, state_id, name, district, party, start_date) VALUES (92, 10, 'Bean, Aaron', '4th', 'R', '2023-11-27');
INSERT INTO congress_person (id, state_id, name, district, party, start_date) VALUES (93, 10, 'Rutherford, John', '5th', 'R', '2023-00-25');
INSERT INTO congress_person (id, state_id, name, district, party, start_date) VALUES (94, 10, 'Waltz, Michael', '6th', 'R', '2023-03-23');
INSERT INTO congress_person (id, state_id, name, district, party, start_date) VALUES (95, 10, 'Mills, Cory', '7th', 'R', '2023-11-11');
INSERT INTO congress_person (id, state_id, name, district, party, start_date) VALUES (96, 10, 'Posey, Bill', '8th', 'R', '2023-06-03');
INSERT INTO congress_person (id, state_id, name, district, party, start_date) VALUES (97, 10, 'Soto, Darren', '9th', 'D', '2023-01-15');
INSERT INTO congress_person (id, state_id, name, district, party, start_date) VALUES (98, 10, 'Frost, Maxwell', '10th', 'D', '2023-01-05');
INSERT INTO congress_person (id, state_id, name, district, party, start_date) VALUES (99, 10, 'Webster, Daniel', '11th', 'R', '2023-05-07');
INSERT INTO congress_person (id, state_id, name, district, party, start_date) VALUES (100, 10, 'Bilirakis, Gus', '12th', 'R', '2023-11-16');
INSERT INTO congress_person (id, state_id, name, district, party, start_date) VALUES (101, 10, 'Luna, Anna Paulina', '13th', 'R', '2023-01-15');
INSERT INTO congress_person (id, state_id, name, district, party, start_date) VALUES (102, 10, 'Castor, Kathy', '14th', 'D', '2023-01-02');
INSERT INTO congress_person (id, state_id, name, district, party, start_date) VALUES (103, 10, 'Lee, Laurel', '15th', 'R', '2023-06-05');
INSERT INTO congress_person (id, state_id, name, district, party, start_date) VALUES (104, 10, 'Buchanan, Vern', '16th', 'R', '2023-00-09');
INSERT INTO congress_person (id, state_id, name, district, party, start_date) VALUES (105, 10, 'Steube, W.', '17th', 'R', '2023-04-24');
INSERT INTO congress_person (id, state_id, name, district, party, start_date) VALUES (106, 10, 'Franklin, Scott', '18th', 'R', '2023-03-06');
INSERT INTO congress_person (id, state_id, name, district, party, start_date) VALUES (107, 10, 'Donalds, Byron', '19th', 'R', '2023-02-04');
INSERT INTO congress_person (id, state_id, name, district, party, start_date) VALUES (108, 10, 'Cherfilus-McCormick, Sheila', '20th', 'D', '2023-06-25');
INSERT INTO congress_person (id, state_id, name, district, party, start_date) VALUES (109, 10, 'Mast, Brian', '21st', 'R', '2023-03-26');
INSERT INTO congress_person (id, state_id, name, district, party, start_date) VALUES (110, 10, 'Frankel, Lois', '22nd', 'D', '2023-08-16');
INSERT INTO congress_person (id, state_id, name, district, party, start_date) VALUES (111, 10, 'Moskowitz, Jared', '23rd', 'D', '2023-06-18');
INSERT INTO congress_person (id, state_id, name, district, party, start_date) VALUES (112, 10, 'Wilson, Frederica', '24th', 'D', '2023-04-13');
INSERT INTO congress_person (id, state_id, name, district, party, start_date) VALUES (113, 10, 'Wasserman Schultz, Debbie', '25th', 'D', '2023-05-20');
INSERT INTO congress_person (id, state_id, name, district, party, start_date) VALUES (114, 10, 'Diaz-Balart, Mario', '26th', 'R', '2023-02-19');
INSERT INTO congress_person (id, state_id, name, district, party, start_date) VALUES (115, 10, 'Salazar, Maria', '27th', 'R', '2023-11-14');
INSERT INTO congress_person (id, state_id, name, district, party, start_date) VALUES (116, 10, 'Gimenez, Carlos', '28th', 'R', '2023-09-06');
INSERT INTO state (id, name, region) VALUES (11, 'Georgia', 'Northeast');
INSERT INTO congress_person (id, state_id, name, district, party, start_date) VALUES (117, 11, 'Carter, Earl', '1st', 'R', '2023-04-00');
INSERT INTO congress_person (id, state_id, name, district, party, start_date) VALUES (118, 11, 'Bishop, Sanford', '2nd', 'D', '2023-02-04');
INSERT INTO congress_person (id, state_id, name, district, party, start_date) VALUES (119, 11, 'Ferguson, A.', '3rd', 'R', '2023-00-05');
INSERT INTO congress_person (id, state_id, name, district, party, start_date) VALUES (120, 11, 'Johnson, Henry', '4th', 'D', '2023-02-25');
INSERT INTO congress_person (id, state_id, name, district, party, start_date) VALUES (121, 11, 'Williams, Nikema', '5th', 'D', '2023-09-25');
INSERT INTO congress_person (id, state_id, name, district, party, start_date) VALUES (122, 11, 'McCormick, Richard', '6th', 'R', '2023-01-02');
INSERT INTO congress_person (id, state_id, name, district, party, start_date) VALUES (123, 11, 'McBath, Lucy', '7th', 'D', '2023-06-24');
INSERT INTO congress_person (id, state_id, name, district, party, start_date) VALUES (124, 11, 'Scott, Austin', '8th', 'R', '2023-09-17');
INSERT INTO congress_person (id, state_id, name, district, party, start_date) VALUES (125, 11, 'Clyde, Andrew', '9th', 'R', '2023-10-09');
INSERT INTO congress_person (id, state_id, name, district, party, start_date) VALUES (126, 11, 'Collins, Mike', '10th', 'R', '2023-03-26');
INSERT INTO congress_person (id, state_id, name, district, party, start_date) VALUES (127, 11, 'Loudermilk, Barry', '11th', 'R', '2023-06-05');
INSERT INTO congress_person (id, state_id, name, district, party, start_date) VALUES (128, 11, 'Allen, Rick', '12th', 'R', '2023-10-17');
INSERT INTO congress_person (id, state_id, name, district, party, start_date) VALUES (129, 11, 'Scott, David', '13th', 'D', '2023-11-17');
INSERT INTO congress_person (id, state_id, name, district, party, start_date) VALUES (130, 11, 'Greene, Marjorie', '14th', 'R', '2023-06-07');
INSERT INTO state (id, name, region) VALUES (12, 'Guam', 'West');
INSERT INTO congress_person (id, state_id, name, district, party, start_date) VALUES (131, 12, 'Moylan, James', 'Delegate', 'R', '2023-01-20');
INSERT INTO state (id, name, region) VALUES (13, 'Hawaii', 'West');
INSERT INTO congress_person (id, state_id, name, district, party, start_date) VALUES (132, 13, 'Case, Ed', '1st', 'D', '2023-06-12');
INSERT INTO congress_person (id, state_id, name, district, party, start_date) VALUES (133, 13, 'Tokuda, Jill', '2nd', 'D', '2023-00-17');
INSERT INTO state (id, name, region) VALUES (14, 'Idaho', 'Midwest');
INSERT INTO congress_person (id, state_id, name, district, party, start_date) VALUES (134, 14, 'Fulcher, Russ', '1st', 'R', '2023-05-09');
INSERT INTO congress_person (id, state_id, name, district, party, start_date) VALUES (135, 14, 'Simpson, Michael', '2nd', 'R', '2023-09-04');
INSERT INTO state (id, name, region) VALUES (15, 'Illinois', 'Midwest');
INSERT INTO congress_person (id, state_id, name, district, party, start_date) VALUES (136, 15, 'Jackson, Jonathan', '1st', 'D', '2023-10-01');
INSERT INTO congress_person (id, state_id, name, district, party, start_date) VALUES (137, 15, 'Kelly, Robin', '2nd', 'D', '2023-03-24');
INSERT INTO congress_person (id, state_id, name, district, party, start_date) VALUES (138, 15, 'Ramirez, Delia', '3rd', 'D', '2023-11-27');
INSERT INTO congress_person (id, state_id, name, district, party, start_date) VALUES (139, 15, 'Garcia, Jesus', '4th', 'D', '2023-11-08');
INSERT INTO congress_person (id, state_id, name, district, party, start_date) VALUES (140, 15, 'Quigley, Mike', '5th', 'D', '2023-01-25');
INSERT INTO congress_person (id, state_id, name, district, party, start_date) VALUES (141, 15, 'Casten, Sean', '6th', 'D', '2023-02-16');
INSERT INTO congress_person (id, state_id, name, district, party, start_date) VALUES (142, 15, 'Davis, Danny', '7th', 'D', '2023-11-06');
INSERT INTO congress_person (id, state_id, name, district, party, start_date) VALUES (143, 15, 'Krishnamoorthi, Raja', '8th', 'D', '2023-03-25');
INSERT INTO congress_person (id, state_id, name, district, party, start_date) VALUES (144, 15, 'Schakowsky, Janice', '9th', 'D', '2023-09-01');
INSERT INTO congress_person (id, state_id, name, district, party, start_date) VALUES (145, 15, 'Schneider, Bradley', '10th', 'D', '2023-11-26');
INSERT INTO congress_person (id, state_id, name, district, party, start_date) VALUES (146, 15, 'Foster, Bill', '11th', 'D', '2023-09-17');
INSERT INTO congress_person (id, state_id, name, district, party, start_date) VALUES (147, 15, 'Bost, Mike', '12th', 'R', '2023-04-13');
INSERT INTO congress_person (id, state_id, name, district, party, start_date) VALUES (148, 15, 'Budzinski, Nikki', '13th', 'D', '2023-09-12');
INSERT INTO congress_person (id, state_id, name, district, party, start_date) VALUES (149, 15, 'Underwood, Lauren', '14th', 'D', '2023-11-21');
INSERT INTO congress_person (id, state_id, name, district, party, start_date) VALUES (150, 15, 'Miller, Mary', '15th', 'R', '2023-06-19');
INSERT INTO congress_person (id, state_id, name, district, party, start_date) VALUES (151, 15, 'LaHood, Darin', '16th', 'R', '2023-11-05');
INSERT INTO congress_person (id, state_id, name, district, party, start_date) VALUES (152, 15, 'Sorensen, Eric', '17th', 'D', '2023-05-11');
INSERT INTO state (id, name, region) VALUES (16, 'Indiana', 'Southeast');
INSERT INTO congress_person (id, state_id, name, district, party, start_date) VALUES (153, 16, 'Mrvan, Frank', '1st', 'D', '2023-11-26');
INSERT INTO congress_person (id, state_id, name, district, party, start_date) VALUES (154, 16, 'Yakym, Rudy', '2nd', 'R', '2023-02-04');
INSERT INTO congress_person (id, state_id, name, district, party, start_date) VALUES (155, 16, 'Banks, Jim', '3rd', 'R', '2023-07-25');
INSERT INTO congress_person (id, state_id, name, district, party, start_date) VALUES (156, 16, 'Baird, James', '4th', 'R', '2023-03-11');
INSERT INTO congress_person (id, state_id, name, district, party, start_date) VALUES (157, 16, 'Spartz, Victoria', '5th', 'R', '2023-09-16');
INSERT INTO congress_person (id, state_id, name, district, party, start_date) VALUES (158, 16, 'Pence, Greg', '6th', 'R', '2023-04-10');
INSERT INTO congress_person (id, state_id, name, district, party, start_date) VALUES (159, 16, 'Carson, Andre', '7th', 'D', '2023-04-25');
INSERT INTO congress_person (id, state_id, name, district, party, start_date) VALUES (160, 16, 'Bucshon, Larry', '8th', 'R', '2023-09-14');
INSERT INTO congress_person (id, state_id, name, district, party, start_date) VALUES (161, 16, 'Houchin, Erin', '9th', 'R', '2023-09-14');
INSERT INTO state (id, name, region) VALUES (17, 'Iowa', 'Northeast');
INSERT INTO congress_person (id, state_id, name, district, party, start_date) VALUES (162, 17, 'Miller-Meeks, Mariannette', '1st', 'R', '2023-04-08');
INSERT INTO congress_person (id, state_id, name, district, party, start_date) VALUES (163, 17, 'Hinson, Ashley', '2nd', 'R', '2023-08-19');
INSERT INTO congress_person (id, state_id, name, district, party, start_date) VALUES (164, 17, 'Nunn, Zachary', '3rd', 'R', '2023-00-12');
INSERT INTO congress_person (id, state_id, name, district, party, start_date) VALUES (165, 17, 'Feenstra, Randy', '4th', 'R', '2023-03-08');
INSERT INTO state (id, name, region) VALUES (18, 'Kansas', 'West');
INSERT INTO congress_person (id, state_id, name, district, party, start_date) VALUES (166, 18, 'Mann, Tracey', '1st', 'R', '2023-03-09');
INSERT INTO congress_person (id, state_id, name, district, party, start_date) VALUES (167, 18, 'LaTurner, Jake', '2nd', 'R', '2023-05-18');
INSERT INTO congress_person (id, state_id, name, district, party, start_date) VALUES (168, 18, 'Davids, Sharice', '3rd', 'D', '2023-11-21');
INSERT INTO congress_person (id, state_id, name, district, party, start_date) VALUES (169, 18, 'Estes, Ron', '4th', 'R', '2023-06-24');
INSERT INTO state (id, name, region) VALUES (19, 'Kentucky', 'Southeast');
INSERT INTO congress_person (id, state_id, name, district, party, start_date) VALUES (170, 19, 'Comer, James', '1st', 'R', '2023-03-08');
INSERT INTO congress_person (id, state_id, name, district, party, start_date) VALUES (171, 19, 'Guthrie, Brett', '2nd', 'R', '2023-09-18');
INSERT INTO congress_person (id, state_id, name, district, party, start_date) VALUES (172, 19, 'McGarvey, Morgan', '3rd', 'D', '2023-09-03');
INSERT INTO congress_person (id, state_id, name, district, party, start_date) VALUES (173, 19, 'Massie, Thomas', '4th', 'R', '2023-06-04');
INSERT INTO congress_person (id, state_id, name, district, party, start_date) VALUES (174, 19, 'Rogers, Harold', '5th', 'R', '2023-11-13');
INSERT INTO congress_person (id, state_id, name, district, party, start_date) VALUES (175, 19, 'Barr, Andy', '6th', 'R', '2023-10-11');
INSERT INTO state (id, name, region) VALUES (20, 'Louisiana', 'Northeast');
INSERT INTO congress_person (id, state_id, name, district, party, start_date) VALUES (176, 20, 'Scalise, Steve', '1st', 'R', '2023-07-04');
INSERT INTO congress_person (id, state_id, name, district, party, start_date) VALUES (177, 20, 'Carter, Troy', '2nd', 'D', '2023-03-20');
INSERT INTO congress_person (id, state_id, name, district, party, start_date) VALUES (178, 20, 'Higgins, Clay', '3rd', 'R', '2023-05-11');
INSERT INTO congress_person (id, state_id, name, district, party, start_date) VALUES (179, 20, 'Johnson, Mike', '4th', 'R', '2023-07-14');
INSERT INTO congress_person (id, state_id, name, district, party, start_date) VALUES (180, 20, 'Letlow, Julia', '5th', 'R', '2023-04-21');
INSERT INTO congress_person (id, state_id, name, district, party, start_date) VALUES (181, 20, 'Graves, Garret', '6th', 'R', '2023-08-01');
INSERT INTO state (id, name, region) VALUES (21, 'Maine', 'Northeast');
INSERT INTO congress_person (id, state_id, name, district, party, start_date) VALUES (182, 21, 'Pingree, Chellie', '1st', 'D', '2023-10-26');
INSERT INTO congress_person (id, state_id, name, district, party, start_date) VALUES (183, 21, 'Golden, Jared', '2nd', 'D', '2023-01-08');
INSERT INTO state (id, name, region) VALUES (22, 'Maryland', 'Southeast');
INSERT INTO congress_person (id, state_id, name, district, party, start_date) VALUES (184, 22, 'Harris, Andy', '1st', 'R', '2023-02-21');
INSERT INTO congress_person (id, state_id, name, district, party, start_date) VALUES (185, 22, 'Ruppersberger, C.', '2nd', 'D', '2023-10-20');
INSERT INTO congress_person (id, state_id, name, district, party, start_date) VALUES (186, 22, 'Sarbanes, John', '3rd', 'D', '2023-05-01');
INSERT INTO congress_person (id, state_id, name, district, party, start_date) VALUES (187, 22, 'Ivey, Glenn', '4th', 'D', '2023-07-17');
INSERT INTO congress_person (id, state_id, name, district, party, start_date) VALUES (188, 22, 'Hoyer, Steny', '5th', 'D', '2023-04-15');
INSERT INTO congress_person (id, state_id, name, district, party, start_date) VALUES (189, 22, 'Trone, David', '6th', 'D', '2023-08-23');
INSERT INTO congress_person (id, state_id, name, district, party, start_date) VALUES (190, 22, 'Mfume, Kweisi', '7th', 'D', '2023-10-05');
INSERT INTO congress_person (id, state_id, name, district, party, start_date) VALUES (191, 22, 'Raskin, Jamie', '8th', 'D', '2023-05-15');
INSERT INTO state (id, name, region) VALUES (23, 'Massachusetts', 'Southwest');
INSERT INTO congress_person (id, state_id, name, district, party, start_date) VALUES (192, 23, 'Neal, Richard', '1st', 'D', '2023-06-04');
INSERT INTO congress_person (id, state_id, name, district, party, start_date) VALUES (193, 23, 'McGovern, James', '2nd', 'D', '2023-05-01');
INSERT INTO congress_person (id, state_id, name, district, party, start_date) VALUES (194, 23, 'Trahan, Lori', '3rd', 'D', '2023-07-04');
INSERT INTO congress_person (id, state_id, name, district, party, start_date) VALUES (195, 23, 'Auchincloss, Jake', '4th', 'D', '2023-10-14');
INSERT INTO congress_person (id, state_id, name, district, party, start_date) VALUES (196, 23, 'Clark, Katherine', '5th', 'D', '2023-00-12');
INSERT INTO congress_person (id, state_id, name, district, party, start_date) VALUES (197, 23, 'Moulton, Seth', '6th', 'D', '2023-11-07');
INSERT INTO congress_person (id, state_id, name, district, party, start_date) VALUES (198, 23, 'Pressley, Ayanna', '7th', 'D', '2023-10-01');
INSERT INTO congress_person (id, state_id, name, district, party, start_date) VALUES (199, 23, 'Lynch, Stephen', '8th', 'D', '2023-03-15');
INSERT INTO congress_person (id, state_id, name, district, party, start_date) VALUES (200, 23, 'Keating, William', '9th', 'D', '2023-05-17');
INSERT INTO state (id, name, region) VALUES (24, 'Michigan', 'West');
INSERT INTO congress_person (id, state_id, name, district, party, start_date) VALUES (201, 24, 'Bergman, Jack', '1st', 'R', '2023-02-19');
INSERT INTO congress_person (id, state_id, name, district, party, start_date) VALUES (202, 24, 'Moolenaar, John', '2nd', 'R', '2023-01-04');
INSERT INTO congress_person (id, state_id, name, district, party, start_date) VALUES (203, 24, 'Scholten, Hillary', '3rd', 'D', '2023-03-13');
INSERT INTO congress_person (id, state_id, name, district, party, start_date) VALUES (204, 24, 'Huizenga, Bill', '4th', 'R', '2023-04-06');
INSERT INTO congress_person (id, state_id, name, district, party, start_date) VALUES (205, 24, 'Walberg, Tim', '5th', 'R', '2023-00-25');
INSERT INTO congress_person (id, state_id, name, district, party, start_date) VALUES (206, 24, 'Dingell, Debbie', '6th', 'D', '2023-07-20');
INSERT INTO congress_person (id, state_id, name, district, party, start_date) VALUES (207, 24, 'Slotkin, Elissa', '7th', 'D', '2023-05-24');
INSERT INTO congress_person (id, state_id, name, district, party, start_date) VALUES (208, 24, 'Kildee, Daniel', '8th', 'D', '2023-06-05');
INSERT INTO congress_person (id, state_id, name, district, party, start_date) VALUES (209, 24, 'McClain, Lisa', '9th', 'R', '2023-08-23');
INSERT INTO congress_person (id, state_id, name, district, party, start_date) VALUES (210, 24, 'James, John', '10th', 'R', '2023-09-12');
INSERT INTO congress_person (id, state_id, name, district, party, start_date) VALUES (211, 24, 'Stevens, Haley', '11th', 'D', '2023-06-01');
INSERT INTO congress_person (id, state_id, name, district, party, start_date) VALUES (212, 24, 'Tlaib, Rashida', '12th', 'D', '2023-07-11');
INSERT INTO congress_person (id, state_id, name, district, party, start_date) VALUES (213, 24, 'Thanedar, Shri', '13th', 'D', '2023-00-09');
INSERT INTO state (id, name, region) VALUES (25, 'Minnesota', 'Southeast');
INSERT INTO congress_person (id, state_id, name, district, party, start_date) VALUES (214, 25, 'Finstad, Brad', '1st', 'R', '2023-09-17');
INSERT INTO congress_person (id, state_id, name, district, party, start_date) VALUES (215, 25, 'Craig, Angie', '2nd', 'D', '2023-09-14');
INSERT INTO congress_person (id, state_id, name, district, party, start_date) VALUES (216, 25, 'Phillips, Dean', '3rd', 'D', '2023-02-09');
INSERT INTO congress_person (id, state_id, name, district, party, start_date) VALUES (217, 25, 'McCollum, Betty', '4th', 'D', '2023-11-27');
INSERT INTO congress_person (id, state_id, name, district, party, start_date) VALUES (218, 25, 'Omar, Ilhan', '5th', 'D', '2023-06-16');
INSERT INTO congress_person (id, state_id, name, district, party, start_date) VALUES (219, 25, 'Emmer, Tom', '6th', 'R', '2023-11-14');
INSERT INTO congress_person (id, state_id, name, district, party, start_date) VALUES (220, 25, 'Fischbach, Michelle', '7th', 'R', '2023-01-11');
INSERT INTO congress_person (id, state_id, name, district, party, start_date) VALUES (221, 25, 'Stauber, Pete', '8th', 'R', '2023-08-25');
INSERT INTO state (id, name, region) VALUES (26, 'Mississippi', 'Northeast');
INSERT INTO congress_person (id, state_id, name, district, party, start_date) VALUES (222, 26, 'Kelly, Trent', '1st', 'R', '2023-11-19');
INSERT INTO congress_person (id, state_id, name, district, party, start_date) VALUES (223, 26, 'Thompson, Bennie', '2nd', 'D', '2023-03-08');
INSERT INTO congress_person (id, state_id, name, district, party, start_date) VALUES (224, 26, 'Guest, Michael', '3rd', 'R', '2023-07-17');
INSERT INTO congress_person (id, state_id, name, district, party, start_date) VALUES (225, 26, 'Ezell, Mike', '4th', 'R', '2023-11-13');
INSERT INTO state (id, name, region) VALUES (27, 'Missouri', 'West');
INSERT INTO congress_person (id, state_id, name, district, party, start_date) VALUES (226, 27, 'Bush, Cori', '1st', 'D', '2023-06-10');
INSERT INTO congress_person (id, state_id, name, district, party, start_date) VALUES (227, 27, 'Wagner, Ann', '2nd', 'R', '2023-00-01');
INSERT INTO congress_person (id, state_id, name, district, party, start_date) VALUES (228, 27, 'Luetkemeyer, Blaine', '3rd', 'R', '2023-00-19');
INSERT INTO congress_person (id, state_id, name, district, party, start_date) VALUES (229, 27, 'Alford, Mark', '4th', 'R', '2023-07-11');
INSERT INTO congress_person (id, state_id, name, district, party, start_date) VALUES (230, 27, 'Cleaver, Emanuel', '5th', 'D', '2023-06-18');
INSERT INTO congress_person (id, state_id, name, district, party, start_date) VALUES (231, 27, 'Graves, Sam', '6th', 'R', '2023-07-27');
INSERT INTO congress_person (id, state_id, name, district, party, start_date) VALUES (232, 27, 'Burlison, Eric', '7th', 'R', '2023-03-26');
INSERT INTO congress_person (id, state_id, name, district, party, start_date) VALUES (233, 27, 'Smith, Jason', '8th', 'R', '2023-04-03');
INSERT INTO state (id, name, region) VALUES (28, 'Montana', 'Southeast');
INSERT INTO congress_person (id, state_id, name, district, party, start_date) VALUES (234, 28, 'Zinke, Ryan', '1st', 'R', '2023-03-13');
INSERT INTO congress_person (id, state_id, name, district, party, start_date) VALUES (235, 28, 'Rosendale, Matthew', '2nd', 'R', '2023-03-26');
INSERT INTO state (id, name, region) VALUES (29, 'Nebraska', 'West');
INSERT INTO congress_person (id, state_id, name, district, party, start_date) VALUES (236, 29, 'Flood, Mike', '1st', 'R', '2023-06-26');
INSERT INTO congress_person (id, state_id, name, district, party, start_date) VALUES (237, 29, 'Bacon, Don', '2nd', 'R', '2023-05-10');
INSERT INTO congress_person (id, state_id, name, district, party, start_date) VALUES (238, 29, 'Smith, Adrian', '3rd', 'R', '2023-09-12');
INSERT INTO state (id, name, region) VALUES (30, 'Nevada', 'Northeast');
INSERT INTO congress_person (id, state_id, name, district, party, start_date) VALUES (239, 30, 'Titus, Dina', '1st', 'D', '2023-09-21');
INSERT INTO congress_person (id, state_id, name, district, party, start_date) VALUES (240, 30, 'Amodei, Mark', '2nd', 'R', '2023-03-08');
INSERT INTO congress_person (id, state_id, name, district, party, start_date) VALUES (241, 30, 'Lee, Susie', '3rd', 'D', '2023-10-24');
INSERT INTO congress_person (id, state_id, name, district, party, start_date) VALUES (242, 30, 'Horsford, Steven', '4th', 'D', '2023-07-14');
INSERT INTO state (id, name, region) VALUES (31, 'New Hampshire', 'Northeast');
INSERT INTO congress_person (id, state_id, name, district, party, start_date) VALUES (243, 31, 'Pappas, Chris', '1st', 'D', '2023-02-26');
INSERT INTO congress_person (id, state_id, name, district, party, start_date) VALUES (244, 31, 'Kuster, Ann', '2nd', 'D', '2023-03-06');
INSERT INTO state (id, name, region) VALUES (32, 'New Jersey', 'Southeast');
INSERT INTO congress_person (id, state_id, name, district, party, start_date) VALUES (245, 32, 'Norcross, Donald', '1st', 'D', '2023-08-02');
INSERT INTO congress_person (id, state_id, name, district, party, start_date) VALUES (246, 32, 'Van Drew, Jefferson', '2nd', 'R', '2023-02-06');
INSERT INTO congress_person (id, state_id, name, district, party, start_date) VALUES (247, 32, 'Kim, Andy', '3rd', 'D', '2023-05-18');
INSERT INTO congress_person (id, state_id, name, district, party, start_date) VALUES (248, 32, 'Smith, Christopher', '4th', 'R', '2023-02-25');
INSERT INTO congress_person (id, state_id, name, district, party, start_date) VALUES (249, 32, 'Gottheimer, Josh', '5th', 'D', '2023-01-14');
INSERT INTO congress_person (id, state_id, name, district, party, start_date) VALUES (250, 32, 'Pallone, Frank', '6th', 'D', '2023-08-26');
INSERT INTO congress_person (id, state_id, name, district, party, start_date) VALUES (251, 32, 'Kean, Thomas', '7th', 'R', '2023-08-15');
INSERT INTO congress_person (id, state_id, name, district, party, start_date) VALUES (252, 32, 'Menendez, Robert', '8th', 'D', '2023-04-24');
INSERT INTO congress_person (id, state_id, name, district, party, start_date) VALUES (253, 32, 'Pascrell, Bill', '9th', 'D', '2023-03-15');
INSERT INTO congress_person (id, state_id, name, district, party, start_date) VALUES (254, 32, 'Payne, Donald', '10th', 'D', '2023-07-11');
INSERT INTO congress_person (id, state_id, name, district, party, start_date) VALUES (255, 32, 'Sherrill, Mikie', '11th', 'D', '2023-09-04');
INSERT INTO congress_person (id, state_id, name, district, party, start_date) VALUES (256, 32, 'Watson Coleman, Bonnie', '12th', 'D', '2023-02-10');
INSERT INTO state (id, name, region) VALUES (33, 'New Mexico', 'West');
INSERT INTO congress_person (id, state_id, name, district, party, start_date) VALUES (257, 33, 'Stansbury, Melanie', '1st', 'D', '2023-10-13');
INSERT INTO congress_person (id, state_id, name, district, party, start_date) VALUES (258, 33, 'Vasquez, Gabe', '2nd', 'D', '2023-08-18');
INSERT INTO congress_person (id, state_id, name, district, party, start_date) VALUES (259, 33, 'Leger Fernandez, Teresa', '3rd', 'D', '2023-00-18');
INSERT INTO state (id, name, region) VALUES (34, 'New York', 'Midwest');
INSERT INTO congress_person (id, state_id, name, district, party, start_date) VALUES (260, 34, 'LaLota, Nick', '1st', 'R', '2023-02-25');
INSERT INTO congress_person (id, state_id, name, district, party, start_date) VALUES (261, 34, 'Garbarino, Andrew', '2nd', 'R', '2023-00-18');
INSERT INTO congress_person (id, state_id, name, district, party, start_date) VALUES (262, 34, 'Santos, George- Vacancy', '3rd', 'R', '2023-00-16');
INSERT INTO congress_person (id, state_id, name, district, party, start_date) VALUES (263, 34, 'DEsposito, Anthony', '4th', 'R', '2023-00-26');
INSERT INTO congress_person (id, state_id, name, district, party, start_date) VALUES (264, 34, 'Meeks, Gregory', '5th', 'D', '2023-00-23');
INSERT INTO congress_person (id, state_id, name, district, party, start_date) VALUES (265, 34, 'Meng, Grace', '6th', 'D', '2023-03-07');
INSERT INTO congress_person (id, state_id, name, district, party, start_date) VALUES (266, 34, 'Velazquez, Nydia', '7th', 'D', '2023-06-23');
INSERT INTO congress_person (id, state_id, name, district, party, start_date) VALUES (267, 34, 'Jeffries, Hakeem', '8th', 'D', '2023-11-19');
INSERT INTO congress_person (id, state_id, name, district, party, start_date) VALUES (268, 34, 'Clarke, Yvette', '9th', 'D', '2023-06-15');
INSERT INTO congress_person (id, state_id, name, district, party, start_date) VALUES (269, 34, 'Goldman, Daniel', '10th', 'D', '2023-01-26');
INSERT INTO congress_person (id, state_id, name, district, party, start_date) VALUES (270, 34, 'Malliotakis, Nicole', '11th', 'R', '2023-06-12');
INSERT INTO congress_person (id, state_id, name, district, party, start_date) VALUES (271, 34, 'Nadler, Jerrold', '12th', 'D', '2023-09-09');
INSERT INTO congress_person (id, state_id, name, district, party, start_date) VALUES (272, 34, 'Espaillat, Adriano', '13th', 'D', '2023-06-21');
INSERT INTO congress_person (id, state_id, name, district, party, start_date) VALUES (273, 34, 'Ocasio-Cortez, Alexandria', '14th', 'D', '2023-11-27');
INSERT INTO congress_person (id, state_id, name, district, party, start_date) VALUES (274, 34, 'Torres, Ritchie', '15th', 'D', '2023-00-05');
INSERT INTO congress_person (id, state_id, name, district, party, start_date) VALUES (275, 34, 'Bowman, Jamaal', '16th', 'D', '2023-04-06');
INSERT INTO congress_person (id, state_id, name, district, party, start_date) VALUES (276, 34, 'Lawler, Michael', '17th', 'R', '2023-04-06');
INSERT INTO congress_person (id, state_id, name, district, party, start_date) VALUES (277, 34, 'Ryan, Patrick', '18th', 'D', '2023-02-23');
INSERT INTO congress_person (id, state_id, name, district, party, start_date) VALUES (278, 34, 'Molinaro, Marcus', '19th', 'R', '2023-10-01');
INSERT INTO congress_person (id, state_id, name, district, party, start_date) VALUES (279, 34, 'Tonko, Paul', '20th', 'D', '2023-01-00');
INSERT INTO congress_person (id, state_id, name, district, party, start_date) VALUES (280, 34, 'Stefanik, Elise', '21st', 'R', '2023-04-16');
INSERT INTO congress_person (id, state_id, name, district, party, start_date) VALUES (281, 34, 'Williams, Brandon', '22nd', 'R', '2023-09-17');
INSERT INTO congress_person (id, state_id, name, district, party, start_date) VALUES (282, 34, 'Langworthy, Nicholas', '23rd', 'R', '2023-03-08');
INSERT INTO congress_person (id, state_id, name, district, party, start_date) VALUES (283, 34, 'Tenney, Claudia', '24th', 'R', '2023-05-07');
INSERT INTO congress_person (id, state_id, name, district, party, start_date) VALUES (284, 34, 'Morelle, Joseph', '25th', 'D', '2023-01-11');
INSERT INTO congress_person (id, state_id, name, district, party, start_date) VALUES (285, 34, 'Higgins, Brian', '26th', 'D', '2023-06-20');
INSERT INTO state (id, name, region) VALUES (35, 'North Carolina', 'Southwest');
INSERT INTO congress_person (id, state_id, name, district, party, start_date) VALUES (286, 35, 'Davis, Donald', '1st', 'D', '2023-03-07');
INSERT INTO congress_person (id, state_id, name, district, party, start_date) VALUES (287, 35, 'Ross, Deborah', '2nd', 'D', '2023-09-09');
INSERT INTO congress_person (id, state_id, name, district, party, start_date) VALUES (288, 35, 'Murphy, Gregory', '3rd', 'R', '2023-09-21');
INSERT INTO congress_person (id, state_id, name, district, party, start_date) VALUES (289, 35, 'Foushee, Valerie', '4th', 'D', '2023-02-17');
INSERT INTO congress_person (id, state_id, name, district, party, start_date) VALUES (290, 35, 'Foxx, Virginia', '5th', 'R', '2023-07-05');
INSERT INTO congress_person (id, state_id, name, district, party, start_date) VALUES (291, 35, 'Manning, Kathy', '6th', 'D', '2023-10-25');
INSERT INTO congress_person (id, state_id, name, district, party, start_date) VALUES (292, 35, 'Rouzer, David', '7th', 'R', '2023-03-18');
INSERT INTO congress_person (id, state_id, name, district, party, start_date) VALUES (293, 35, 'Bishop, Dan', '8th', 'R', '2023-06-11');
INSERT INTO congress_person (id, state_id, name, district, party, start_date) VALUES (294, 35, 'Hudson, Richard', '9th', 'R', '2023-03-04');
INSERT INTO congress_person (id, state_id, name, district, party, start_date) VALUES (295, 35, 'McHenry, Patrick', '10th', 'R', '2023-00-09');
INSERT INTO congress_person (id, state_id, name, district, party, start_date) VALUES (296, 35, 'Edwards, Chuck', '11th', 'R', '2023-11-20');
INSERT INTO congress_person (id, state_id, name, district, party, start_date) VALUES (297, 35, 'Adams, Alma', '12th', 'D', '2023-00-03');
INSERT INTO congress_person (id, state_id, name, district, party, start_date) VALUES (298, 35, 'Nickel, Wiley', '13th', 'D', '2023-05-04');
INSERT INTO congress_person (id, state_id, name, district, party, start_date) VALUES (299, 35, 'Jackson, Jeff', '14th', 'D', '2023-06-10');
INSERT INTO state (id, name, region) VALUES (36, 'North Dakota', 'Southeast');
INSERT INTO congress_person (id, state_id, name, district, party, start_date) VALUES (300, 36, 'Armstrong, Kelly', 'At Large', 'R', '2023-01-02');
INSERT INTO state (id, name, region) VALUES (37, 'Northern Mariana Islands', 'Southwest');
INSERT INTO congress_person (id, state_id, name, district, party, start_date) VALUES (301, 37, 'Sablan, Gregorio', 'Delegate', 'D', '2023-11-02');
INSERT INTO state (id, name, region) VALUES (38, 'Ohio', 'Midwest');
INSERT INTO congress_person (id, state_id, name, district, party, start_date) VALUES (302, 38, 'Landsman, Greg', '1st', 'D', '2023-09-26');
INSERT INTO congress_person (id, state_id, name, district, party, start_date) VALUES (303, 38, 'Wenstrup, Brad', '2nd', 'R', '2023-10-20');
INSERT INTO congress_person (id, state_id, name, district, party, start_date) VALUES (304, 38, 'Beatty, Joyce', '3rd', 'D', '2023-05-17');
INSERT INTO congress_person (id, state_id, name, district, party, start_date) VALUES (305, 38, 'Jordan, Jim', '4th', 'R', '2023-07-27');
INSERT INTO congress_person (id, state_id, name, district, party, start_date) VALUES (306, 38, 'Latta, Robert', '5th', 'R', '2023-10-07');
INSERT INTO congress_person (id, state_id, name, district, party, start_date) VALUES (307, 38, 'Johnson, Bill', '6th', 'R', '2023-01-18');
INSERT INTO congress_person (id, state_id, name, district, party, start_date) VALUES (308, 38, 'Miller, Max', '7th', 'R', '2023-06-16');
INSERT INTO congress_person (id, state_id, name, district, party, start_date) VALUES (309, 38, 'Davidson, Warren', '8th', 'R', '2023-11-10');
INSERT INTO congress_person (id, state_id, name, district, party, start_date) VALUES (310, 38, 'Kaptur, Marcy', '9th', 'D', '2023-09-12');
INSERT INTO congress_person (id, state_id, name, district, party, start_date) VALUES (311, 38, 'Turner, Michael', '10th', 'R', '2023-08-23');
INSERT INTO congress_person (id, state_id, name, district, party, start_date) VALUES (312, 38, 'Brown, Shontel', '11th', 'D', '2023-03-12');
INSERT INTO congress_person (id, state_id, name, district, party, start_date) VALUES (313, 38, 'Balderson, Troy', '12th', 'R', '2023-07-27');
INSERT INTO congress_person (id, state_id, name, district, party, start_date) VALUES (314, 38, 'Sykes, Emilia', '13th', 'D', '2023-11-10');
INSERT INTO congress_person (id, state_id, name, district, party, start_date) VALUES (315, 38, 'Joyce, David', '14th', 'R', '2023-04-16');
INSERT INTO congress_person (id, state_id, name, district, party, start_date) VALUES (316, 38, 'Carey, Mike', '15th', 'R', '2023-03-10');
INSERT INTO state (id, name, region) VALUES (39, 'Oklahoma', 'West');
INSERT INTO congress_person (id, state_id, name, district, party, start_date) VALUES (317, 39, 'Hern, Kevin', '1st', 'R', '2023-02-14');
INSERT INTO congress_person (id, state_id, name, district, party, start_date) VALUES (318, 39, 'Brecheen, Josh', '2nd', 'R', '2023-02-20');
INSERT INTO congress_person (id, state_id, name, district, party, start_date) VALUES (319, 39, 'Lucas, Frank', '3rd', 'R', '2023-05-19');
INSERT INTO congress_person (id, state_id, name, district, party, start_date) VALUES (320, 39, 'Cole, Tom', '4th', 'R', '2023-02-27');
INSERT INTO congress_person (id, state_id, name, district, party, start_date) VALUES (321, 39, 'Bice, Stephanie', '5th', 'R', '2023-06-23');
INSERT INTO state (id, name, region) VALUES (40, 'Oregon', 'Southwest');
INSERT INTO congress_person (id, state_id, name, district, party, start_date) VALUES (322, 40, 'Bonamici, Suzanne', '1st', 'D', '2023-06-05');
INSERT INTO congress_person (id, state_id, name, district, party, start_date) VALUES (323, 40, 'Bentz, Cliff', '2nd', 'R', '2023-04-08');
INSERT INTO congress_person (id, state_id, name, district, party, start_date) VALUES (324, 40, 'Blumenauer, Earl', '3rd', 'D', '2023-03-14');
INSERT INTO congress_person (id, state_id, name, district, party, start_date) VALUES (325, 40, 'Hoyle, Val', '4th', 'D', '2023-09-17');
INSERT INTO congress_person (id, state_id, name, district, party, start_date) VALUES (326, 40, 'Chavez-DeRemer, Lori', '5th', 'R', '2023-02-24');
INSERT INTO congress_person (id, state_id, name, district, party, start_date) VALUES (327, 40, 'Salinas, Andrea', '6th', 'D', '2023-09-07');
INSERT INTO state (id, name, region) VALUES (41, 'Pennsylvania', 'Midwest');
INSERT INTO congress_person (id, state_id, name, district, party, start_date) VALUES (328, 41, 'Fitzpatrick, Brian', '1st', 'R', '2023-03-06');
INSERT INTO congress_person (id, state_id, name, district, party, start_date) VALUES (329, 41, 'Boyle, Brendan', '2nd', 'D', '2023-07-18');
INSERT INTO congress_person (id, state_id, name, district, party, start_date) VALUES (330, 41, 'Evans, Dwight', '3rd', 'D', '2023-08-04');
INSERT INTO congress_person (id, state_id, name, district, party, start_date) VALUES (331, 41, 'Dean, Madeleine', '4th', 'D', '2023-07-04');
INSERT INTO congress_person (id, state_id, name, district, party, start_date) VALUES (332, 41, 'Scanlon, Mary', '5th', 'D', '2023-00-10');
INSERT INTO congress_person (id, state_id, name, district, party, start_date) VALUES (333, 41, 'Houlahan, Chrissy', '6th', 'D', '2023-10-11');
INSERT INTO congress_person (id, state_id, name, district, party, start_date) VALUES (334, 41, 'Wild, Susan', '7th', 'D', '2023-04-07');
INSERT INTO congress_person (id, state_id, name, district, party, start_date) VALUES (335, 41, 'Cartwright, Matt', '8th', 'D', '2023-04-17');
INSERT INTO congress_person (id, state_id, name, district, party, start_date) VALUES (336, 41, 'Meuser, Daniel', '9th', 'R', '2023-05-19');
INSERT INTO congress_person (id, state_id, name, district, party, start_date) VALUES (337, 41, 'Perry, Scott', '10th', 'R', '2023-00-07');
INSERT INTO congress_person (id, state_id, name, district, party, start_date) VALUES (338, 41, 'Smucker, Lloyd', '11th', 'R', '2023-11-01');
INSERT INTO congress_person (id, state_id, name, district, party, start_date) VALUES (339, 41, 'Lee, Summer', '12th', 'D', '2023-07-18');
INSERT INTO congress_person (id, state_id, name, district, party, start_date) VALUES (340, 41, 'Joyce, John', '13th', 'R', '2023-08-08');
INSERT INTO congress_person (id, state_id, name, district, party, start_date) VALUES (341, 41, 'Reschenthaler, Guy', '14th', 'R', '2023-01-09');
INSERT INTO congress_person (id, state_id, name, district, party, start_date) VALUES (342, 41, 'Thompson, Glenn', '15th', 'R', '2023-05-11');
INSERT INTO congress_person (id, state_id, name, district, party, start_date) VALUES (343, 41, 'Kelly, Mike', '16th', 'R', '2023-00-18');
INSERT INTO congress_person (id, state_id, name, district, party, start_date) VALUES (344, 41, 'Deluzio, Christopher', '17th', 'D', '2023-04-00');
INSERT INTO state (id, name, region) VALUES (42, 'Puerto Rico', 'West');
INSERT INTO congress_person (id, state_id, name, district, party, start_date) VALUES (345, 42, 'Gonzalez-Colon, Jenniffer', 'Resident Commissioner', 'R', '2023-03-08');
INSERT INTO state (id, name, region) VALUES (43, 'Rhode Island', 'Southeast');
INSERT INTO congress_person (id, state_id, name, district, party, start_date) VALUES (346, 43, 'Amo, Gabe', '1st', 'D', '2023-00-00');
INSERT INTO congress_person (id, state_id, name, district, party, start_date) VALUES (347, 43, 'Magaziner, Seth', '2nd', 'D', '2023-04-05');
INSERT INTO state (id, name, region) VALUES (44, 'South Carolina', 'West');
INSERT INTO congress_person (id, state_id, name, district, party, start_date) VALUES (348, 44, 'Mace, Nancy', '1st', 'R', '2023-06-18');
INSERT INTO congress_person (id, state_id, name, district, party, start_date) VALUES (349, 44, 'Wilson, Joe', '2nd', 'R', '2023-07-00');
INSERT INTO congress_person (id, state_id, name, district, party, start_date) VALUES (350, 44, 'Duncan, Jeff', '3rd', 'R', '2023-10-16');
INSERT INTO congress_person (id, state_id, name, district, party, start_date) VALUES (351, 44, 'Timmons, William', '4th', 'R', '2023-05-16');
INSERT INTO congress_person (id, state_id, name, district, party, start_date) VALUES (352, 44, 'Norman, Ralph', '5th', 'R', '2023-06-24');
INSERT INTO congress_person (id, state_id, name, district, party, start_date) VALUES (353, 44, 'Clyburn, James', '6th', 'D', '2023-02-23');
INSERT INTO congress_person (id, state_id, name, district, party, start_date) VALUES (354, 44, 'Fry, Russell', '7th', 'R', '2023-08-22');
INSERT INTO state (id, name, region) VALUES (45, 'South Dakota', 'Midwest');
INSERT INTO congress_person (id, state_id, name, district, party, start_date) VALUES (355, 45, 'Johnson, Dusty', 'At Large', 'R', '2023-05-00');
INSERT INTO state (id, name, region) VALUES (46, 'Tennessee', 'Southwest');
INSERT INTO congress_person (id, state_id, name, district, party, start_date) VALUES (356, 46, 'Harshbarger, Diana', '1st', 'R', '2023-05-04');
INSERT INTO congress_person (id, state_id, name, district, party, start_date) VALUES (357, 46, 'Burchett, Tim', '2nd', 'R', '2023-08-04');
INSERT INTO congress_person (id, state_id, name, district, party, start_date) VALUES (358, 46, 'Fleischmann, Charles', '3rd', 'R', '2023-04-01');
INSERT INTO congress_person (id, state_id, name, district, party, start_date) VALUES (359, 46, 'DesJarlais, Scott', '4th', 'R', '2023-05-09');
INSERT INTO congress_person (id, state_id, name, district, party, start_date) VALUES (360, 46, 'Ogles, Andrew', '5th', 'R', '2023-05-08');
INSERT INTO congress_person (id, state_id, name, district, party, start_date) VALUES (361, 46, 'Rose, John', '6th', 'R', '2023-10-25');
INSERT INTO congress_person (id, state_id, name, district, party, start_date) VALUES (362, 46, 'Green, Mark', '7th', 'R', '2023-00-24');
INSERT INTO congress_person (id, state_id, name, district, party, start_date) VALUES (363, 46, 'Kustoff, David', '8th', 'R', '2023-09-03');
INSERT INTO congress_person (id, state_id, name, district, party, start_date) VALUES (364, 46, 'Cohen, Steve', '9th', 'D', '2023-10-14');
INSERT INTO state (id, name, region) VALUES (47, 'Texas', 'Midwest');
INSERT INTO congress_person (id, state_id, name, district, party, start_date) VALUES (365, 47, 'Moran, Nathaniel', '1st', 'R', '2023-01-07');
INSERT INTO congress_person (id, state_id, name, district, party, start_date) VALUES (366, 47, 'Crenshaw, Dan', '2nd', 'R', '2023-08-14');
INSERT INTO congress_person (id, state_id, name, district, party, start_date) VALUES (367, 47, 'Self, Keith', '3rd', 'R', '2023-07-10');
INSERT INTO congress_person (id, state_id, name, district, party, start_date) VALUES (368, 47, 'Fallon, Pat', '4th', 'R', '2023-05-19');
INSERT INTO congress_person (id, state_id, name, district, party, start_date) VALUES (369, 47, 'Gooden, Lance', '5th', 'R', '2023-01-22');
INSERT INTO congress_person (id, state_id, name, district, party, start_date) VALUES (370, 47, 'Ellzey, Jake', '6th', 'R', '2023-07-25');
INSERT INTO congress_person (id, state_id, name, district, party, start_date) VALUES (371, 47, 'Fletcher, Lizzie', '7th', 'D', '2023-08-02');
INSERT INTO congress_person (id, state_id, name, district, party, start_date) VALUES (372, 47, 'Luttrell, Morgan', '8th', 'R', '2023-07-13');
INSERT INTO congress_person (id, state_id, name, district, party, start_date) VALUES (373, 47, 'Green, Al', '9th', 'D', '2023-11-24');
INSERT INTO congress_person (id, state_id, name, district, party, start_date) VALUES (374, 47, 'McCaul, Michael', '10th', 'R', '2023-06-12');
INSERT INTO congress_person (id, state_id, name, district, party, start_date) VALUES (375, 47, 'Pfluger, August', '11th', 'R', '2023-05-20');
INSERT INTO congress_person (id, state_id, name, district, party, start_date) VALUES (376, 47, 'Granger, Kay', '12th', 'R', '2023-11-09');
INSERT INTO congress_person (id, state_id, name, district, party, start_date) VALUES (377, 47, 'Jackson, Ronny', '13th', 'R', '2023-11-10');
INSERT INTO congress_person (id, state_id, name, district, party, start_date) VALUES (378, 47, 'Weber, Randy', '14th', 'R', '2023-02-22');
INSERT INTO congress_person (id, state_id, name, district, party, start_date) VALUES (379, 47, 'De La Cruz, Monica', '15th', 'R', '2023-00-21');
INSERT INTO congress_person (id, state_id, name, district, party, start_date) VALUES (380, 47, 'Escobar, Veronica', '16th', 'D', '2023-00-16');
INSERT INTO congress_person (id, state_id, name, district, party, start_date) VALUES (381, 47, 'Sessions, Pete', '17th', 'R', '2023-09-21');
INSERT INTO congress_person (id, state_id, name, district, party, start_date) VALUES (382, 47, 'Jackson Lee, Sheila', '18th', 'D', '2023-00-07');
INSERT INTO congress_person (id, state_id, name, district, party, start_date) VALUES (383, 47, 'Arrington, Jodey', '19th', 'R', '2023-01-18');
INSERT INTO congress_person (id, state_id, name, district, party, start_date) VALUES (384, 47, 'Castro, Joaquin', '20th', 'D', '2023-04-08');
INSERT INTO congress_person (id, state_id, name, district, party, start_date) VALUES (385, 47, 'Roy, Chip', '21st', 'R', '2023-10-07');
INSERT INTO congress_person (id, state_id, name, district, party, start_date) VALUES (386, 47, 'Nehls, Troy', '22nd', 'R', '2023-02-01');
INSERT INTO congress_person (id, state_id, name, district, party, start_date) VALUES (387, 47, 'Gonzales, Tony', '23rd', 'R', '2023-07-25');
INSERT INTO congress_person (id, state_id, name, district, party, start_date) VALUES (388, 47, 'Van Duyne, Beth', '24th', 'R', '2023-04-22');
INSERT INTO congress_person (id, state_id, name, district, party, start_date) VALUES (389, 47, 'Williams, Roger', '25th', 'R', '2023-05-07');
INSERT INTO congress_person (id, state_id, name, district, party, start_date) VALUES (390, 47, 'Burgess, Michael', '26th', 'R', '2023-06-03');
INSERT INTO congress_person (id, state_id, name, district, party, start_date) VALUES (391, 47, 'Cloud, Michael', '27th', 'R', '2023-04-22');
INSERT INTO congress_person (id, state_id, name, district, party, start_date) VALUES (392, 47, 'Cuellar, Henry', '28th', 'D', '2023-04-00');
INSERT INTO congress_person (id, state_id, name, district, party, start_date) VALUES (393, 47, 'Garcia, Sylvia', '29th', 'D', '2023-01-16');
INSERT INTO congress_person (id, state_id, name, district, party, start_date) VALUES (394, 47, 'Crockett, Jasmine', '30th', 'D', '2023-01-17');
INSERT INTO congress_person (id, state_id, name, district, party, start_date) VALUES (395, 47, 'Carter, John', '31st', 'R', '2023-04-26');
INSERT INTO congress_person (id, state_id, name, district, party, start_date) VALUES (396, 47, 'Allred, Colin', '32nd', 'D', '2023-00-20');
INSERT INTO congress_person (id, state_id, name, district, party, start_date) VALUES (397, 47, 'Veasey, Marc', '33rd', 'D', '2023-04-08');
INSERT INTO congress_person (id, state_id, name, district, party, start_date) VALUES (398, 47, 'Gonzalez, Vicente', '34th', 'D', '2023-06-05');
INSERT INTO congress_person (id, state_id, name, district, party, start_date) VALUES (399, 47, 'Casar, Greg', '35th', 'D', '2023-01-27');
INSERT INTO congress_person (id, state_id, name, district, party, start_date) VALUES (400, 47, 'Babin, Brian', '36th', 'R', '2023-01-25');
INSERT INTO congress_person (id, state_id, name, district, party, start_date) VALUES (401, 47, 'Doggett, Lloyd', '37th', 'D', '2023-08-02');
INSERT INTO congress_person (id, state_id, name, district, party, start_date) VALUES (402, 47, 'Hunt, Wesley', '38th', 'R', '2023-03-15');
INSERT INTO state (id, name, region) VALUES (48, 'Utah', 'Southeast');
INSERT INTO congress_person (id, state_id, name, district, party, start_date) VALUES (403, 48, 'Moore, Blake', '1st', 'R', '2023-00-08');
INSERT INTO congress_person (id, state_id, name, district, party, start_date) VALUES (404, 48, 'Maloy, Celeste', '2nd', 'R', '2023-08-07');
INSERT INTO congress_person (id, state_id, name, district, party, start_date) VALUES (405, 48, 'Curtis, John', '3rd', 'R', '2023-07-10');
INSERT INTO congress_person (id, state_id, name, district, party, start_date) VALUES (406, 48, 'Owens, Burgess', '4th', 'R', '2023-05-23');
INSERT INTO state (id, name, region) VALUES (49, 'Vermont', 'West');
INSERT INTO congress_person (id, state_id, name, district, party, start_date) VALUES (407, 49, 'Balint, Becca', 'At Large', 'D', '2023-01-16');
INSERT INTO state (id, name, region) VALUES (50, 'Virginia', 'Southwest');
INSERT INTO congress_person (id, state_id, name, district, party, start_date) VALUES (408, 50, 'Wittman, Robert', '1st', 'R', '2023-05-25');
INSERT INTO congress_person (id, state_id, name, district, party, start_date) VALUES (409, 50, 'Kiggans, Jennifer', '2nd', 'R', '2023-02-11');
INSERT INTO congress_person (id, state_id, name, district, party, start_date) VALUES (410, 50, 'Scott, Robert', '3rd', 'D', '2023-01-12');
INSERT INTO congress_person (id, state_id, name, district, party, start_date) VALUES (411, 50, 'McClellan, Jennifer', '4th', 'D', '2023-04-03');
INSERT INTO congress_person (id, state_id, name, district, party, start_date) VALUES (412, 50, 'Good, Bob', '5th', 'R', '2023-02-26');
INSERT INTO congress_person (id, state_id, name, district, party, start_date) VALUES (413, 50, 'Cline, Ben', '6th', 'R', '2023-03-14');
INSERT INTO congress_person (id, state_id, name, district, party, start_date) VALUES (414, 50, 'Spanberger, Abigail', '7th', 'D', '2023-07-17');
INSERT INTO congress_person (id, state_id, name, district, party, start_date) VALUES (415, 50, 'Beyer, Donald', '8th', 'D', '2023-01-06');
INSERT INTO congress_person (id, state_id, name, district, party, start_date) VALUES (416, 50, 'Griffith, H.', '9th', 'R', '2023-04-20');
INSERT INTO congress_person (id, state_id, name, district, party, start_date) VALUES (417, 50, 'Wexton, Jennifer', '10th', 'D', '2023-06-13');
INSERT INTO congress_person (id, state_id, name, district, party, start_date) VALUES (418, 50, 'Connolly, Gerald', '11th', 'D', '2023-10-05');
INSERT INTO state (id, name, region) VALUES (51, 'Virgin Islands', 'Southeast');
INSERT INTO congress_person (id, state_id, name, district, party, start_date) VALUES (419, 51, 'Plaskett, Stacey', 'Delegate', 'D', '2023-06-17');
INSERT INTO state (id, name, region) VALUES (52, 'Washington', 'West');
INSERT INTO congress_person (id, state_id, name, district, party, start_date) VALUES (420, 52, 'DelBene, Suzan', '1st', 'D', '2023-04-02');
INSERT INTO congress_person (id, state_id, name, district, party, start_date) VALUES (421, 52, 'Larsen, Rick', '2nd', 'D', '2023-02-25');
INSERT INTO congress_person (id, state_id, name, district, party, start_date) VALUES (422, 52, 'Perez, Marie', '3rd', 'D', '2023-11-17');
INSERT INTO congress_person (id, state_id, name, district, party, start_date) VALUES (423, 52, 'Newhouse, Dan', '4th', 'R', '2023-10-07');
INSERT INTO congress_person (id, state_id, name, district, party, start_date) VALUES (424, 52, 'Rodgers, Cathy', '5th', 'R', '2023-09-09');
INSERT INTO congress_person (id, state_id, name, district, party, start_date) VALUES (425, 52, 'Kilmer, Derek', '6th', 'D', '2023-04-01');
INSERT INTO congress_person (id, state_id, name, district, party, start_date) VALUES (426, 52, 'Jayapal, Pramila', '7th', 'D', '2023-07-06');
INSERT INTO congress_person (id, state_id, name, district, party, start_date) VALUES (427, 52, 'Schrier, Kim', '8th', 'D', '2023-01-24');
INSERT INTO congress_person (id, state_id, name, district, party, start_date) VALUES (428, 52, 'Smith, Adam', '9th', 'D', '2023-10-05');
INSERT INTO congress_person (id, state_id, name, district, party, start_date) VALUES (429, 52, 'Strickland, Marilyn', '10th', 'D', '2023-02-18');
INSERT INTO state (id, name, region) VALUES (53, 'West Virginia', 'Southwest');
INSERT INTO congress_person (id, state_id, name, district, party, start_date) VALUES (430, 53, 'Miller, Carol', '1st', 'R', '2023-10-07');
INSERT INTO congress_person (id, state_id, name, district, party, start_date) VALUES (431, 53, 'Mooney, Alexander', '2nd', 'R', '2023-05-26');
INSERT INTO state (id, name, region) VALUES (54, 'Wisconsin', 'Northeast');
INSERT INTO congress_person (id, state_id, name, district, party, start_date) VALUES (432, 54, 'Steil, Bryan', '1st', 'R', '2023-01-12');
INSERT INTO congress_person (id, state_id, name, district, party, start_date) VALUES (433, 54, 'Pocan, Mark', '2nd', 'D', '2023-11-06');
INSERT INTO congress_person (id, state_id, name, district, party, start_date) VALUES (434, 54, 'Van Orden, Derrick', '3rd', 'R', '2023-02-11');
INSERT INTO congress_person (id, state_id, name, district, party, start_date) VALUES (435, 54, 'Moore, Gwen', '4th', 'D', '2023-06-18');
INSERT INTO congress_person (id, state_id, name, district, party, start_date) VALUES (436, 54, 'Fitzgerald, Scott', '5th', 'R', '2023-05-23');
INSERT INTO congress_person (id, state_id, name, district, party, start_date) VALUES (437, 54, 'Grothman, Glenn', '6th', 'R', '2023-08-02');
INSERT INTO congress_person (id, state_id, name, district, party, start_date) VALUES (438, 54, 'Tiffany, Thomas', '7th', 'R', '2023-00-20');
INSERT INTO congress_person (id, state_id, name, district, party, start_date) VALUES (439, 54, 'Gallagher, Mike', '8th', 'R', '2023-05-24');
INSERT INTO state (id, name, region) VALUES (55, 'Wyoming', 'Southwest');
INSERT INTO congress_person (id, state_id, name, district, party, start_date) VALUES (440, 55, 'Hageman, Harriet', 'At Large', 'R', '2023-05-07');
INSERT INTO bill (id, bill_name, vote_date, sponser_id, passed) VALUES (0, 'Bill 0', '2023-01-11', 111, false);
INSERT INTO bill (id, bill_name, vote_date, sponser_id, passed) VALUES (1, 'Bill 1', '2023-07-21', 195, true);
INSERT INTO bill (id, bill_name, vote_date, sponser_id, passed) VALUES (2, 'Bill 2', '2023-08-22', 102, false);
INSERT INTO bill (id, bill_name, vote_date, sponser_id, passed) VALUES (3, 'Bill 3', '2023-04-27', 0, true);
INSERT INTO bill (id, bill_name, vote_date, sponser_id, passed) VALUES (4, 'Bill 4', '2023-11-10', 3, true);
INSERT INTO bill (id, bill_name, vote_date, sponser_id, passed) VALUES (5, 'Bill 5', '2023-07-27', 360, true);
INSERT INTO bill (id, bill_name, vote_date, sponser_id, passed) VALUES (6, 'Bill 6', '2023-00-19', 164, false);
INSERT INTO bill (id, bill_name, vote_date, sponser_id, passed) VALUES (7, 'Bill 7', '2023-00-27', 268, true);
INSERT INTO bill (id, bill_name, vote_date, sponser_id, passed) VALUES (8, 'Bill 8', '2023-07-20', 197, false);
INSERT INTO bill (id, bill_name, vote_date, sponser_id, passed) VALUES (9, 'Bill 9', '2023-10-04', 376, true);
INSERT INTO bill (id, bill_name, vote_date, sponser_id, passed) VALUES (10, 'Bill 10', '2023-01-14', 433, true);
INSERT INTO bill (id, bill_name, vote_date, sponser_id, passed) VALUES (11, 'Bill 11', '2023-06-23', 127, true);
INSERT INTO bill (id, bill_name, vote_date, sponser_id, passed) VALUES (12, 'Bill 12', '2023-02-08', 25, true);
INSERT INTO bill (id, bill_name, vote_date, sponser_id, passed) VALUES (13, 'Bill 13', '2023-08-16', 405, false);
INSERT INTO bill (id, bill_name, vote_date, sponser_id, passed) VALUES (14, 'Bill 14', '2023-09-07', 256, true);
INSERT INTO bill (id, bill_name, vote_date, sponser_id, passed) VALUES (15, 'Bill 15', '2023-10-14', 76, false);
INSERT INTO bill (id, bill_name, vote_date, sponser_id, passed) VALUES (16, 'Bill 16', '2023-07-09', 308, false);
INSERT INTO bill (id, bill_name, vote_date, sponser_id, passed) VALUES (17, 'Bill 17', '2023-09-15', 119, false);
INSERT INTO bill (id, bill_name, vote_date, sponser_id, passed) VALUES (18, 'Bill 18', '2023-09-01', 25, true);
INSERT INTO bill (id, bill_name, vote_date, sponser_id, passed) VALUES (19, 'Bill 19', '2023-10-17', 65, true);
INSERT INTO bill (id, bill_name, vote_date, sponser_id, passed) VALUES (20, 'Bill 20', '2023-00-15', 7, true);
INSERT INTO bill (id, bill_name, vote_date, sponser_id, passed) VALUES (21, 'Bill 21', '2023-03-13', 60, true);
INSERT INTO bill (id, bill_name, vote_date, sponser_id, passed) VALUES (22, 'Bill 22', '2023-09-25', 282, false);
INSERT INTO bill (id, bill_name, vote_date, sponser_id, passed) VALUES (23, 'Bill 23', '2023-06-11', 206, false);
INSERT INTO bill (id, bill_name, vote_date, sponser_id, passed) VALUES (24, 'Bill 24', '2023-05-06', 301, false);
INSERT INTO bill (id, bill_name, vote_date, sponser_id, passed) VALUES (25, 'Bill 25', '2023-10-22', 174, false);
INSERT INTO bill (id, bill_name, vote_date, sponser_id, passed) VALUES (26, 'Bill 26', '2023-08-06', 142, false);
INSERT INTO bill (id, bill_name, vote_date, sponser_id, passed) VALUES (27, 'Bill 27', '2023-01-13', 48, false);
INSERT INTO bill (id, bill_name, vote_date, sponser_id, passed) VALUES (28, 'Bill 28', '2023-07-10', 102, false);
INSERT INTO bill (id, bill_name, vote_date, sponser_id, passed) VALUES (29, 'Bill 29', '2023-08-14', 106, true);
INSERT INTO bill (id, bill_name, vote_date, sponser_id, passed) VALUES (30, 'Bill 30', '2023-01-00', 376, false);
INSERT INTO bill (id, bill_name, vote_date, sponser_id, passed) VALUES (31, 'Bill 31', '2023-07-14', 30, true);
INSERT INTO bill (id, bill_name, vote_date, sponser_id, passed) VALUES (32, 'Bill 32', '2023-08-02', 161, true);
INSERT INTO bill (id, bill_name, vote_date, sponser_id, passed) VALUES (33, 'Bill 33', '2023-10-03', 78, false);
INSERT INTO bill (id, bill_name, vote_date, sponser_id, passed) VALUES (34, 'Bill 34', '2023-04-05', 183, false);
INSERT INTO bill (id, bill_name, vote_date, sponser_id, passed) VALUES (35, 'Bill 35', '2023-10-04', 328, false);
INSERT INTO bill (id, bill_name, vote_date, sponser_id, passed) VALUES (36, 'Bill 36', '2023-02-05', 219, true);
INSERT INTO bill (id, bill_name, vote_date, sponser_id, passed) VALUES (37, 'Bill 37', '2023-10-16', 379, false);
INSERT INTO bill (id, bill_name, vote_date, sponser_id, passed) VALUES (38, 'Bill 38', '2023-11-23', 264, false);
INSERT INTO bill (id, bill_name, vote_date, sponser_id, passed) VALUES (39, 'Bill 39', '2023-10-00', 276, false);
INSERT INTO bill (id, bill_name, vote_date, sponser_id, passed) VALUES (40, 'Bill 40', '2023-05-19', 218, true);
INSERT INTO bill (id, bill_name, vote_date, sponser_id, passed) VALUES (41, 'Bill 41', '2023-08-14', 203, true);
INSERT INTO bill (id, bill_name, vote_date, sponser_id, passed) VALUES (42, 'Bill 42', '2023-00-25', 410, true);
INSERT INTO bill (id, bill_name, vote_date, sponser_id, passed) VALUES (43, 'Bill 43', '2023-02-23', 316, true);
INSERT INTO bill (id, bill_name, vote_date, sponser_id, passed) VALUES (44, 'Bill 44', '2023-04-22', 372, false);
INSERT INTO bill (id, bill_name, vote_date, sponser_id, passed) VALUES (45, 'Bill 45', '2023-05-13', 14, true);
INSERT INTO bill (id, bill_name, vote_date, sponser_id, passed) VALUES (46, 'Bill 46', '2023-08-16', 347, true);
INSERT INTO bill (id, bill_name, vote_date, sponser_id, passed) VALUES (47, 'Bill 47', '2023-04-03', 111, false);
INSERT INTO bill (id, bill_name, vote_date, sponser_id, passed) VALUES (48, 'Bill 48', '2023-06-23', 148, false);
