INSERT INTO state (id, name, region) VALUES (1, 'Alabama', 'West');
INSERT INTO congress_person (id, state_id, name, district, party, start_date) VALUES (1, 1, 'Carl, Jerry', '1st', 'R', TO_DATE('2023-09-22', 'YYYY-MM-DD'));
INSERT INTO congress_person (id, state_id, name, district, party, start_date) VALUES (2, 1, 'Moore, Barry', '2nd', 'R', TO_DATE('2023-10-13', 'YYYY-MM-DD'));
INSERT INTO congress_person (id, state_id, name, district, party, start_date) VALUES (3, 1, 'Rogers, Mike', '3rd', 'R', TO_DATE('2023-07-02', 'YYYY-MM-DD'));
INSERT INTO congress_person (id, state_id, name, district, party, start_date) VALUES (4, 1, 'Aderholt, Robert', '4th', 'R', TO_DATE('2023-03-01', 'YYYY-MM-DD'));
INSERT INTO congress_person (id, state_id, name, district, party, start_date) VALUES (5, 1, 'Strong, Dale', '5th', 'R', TO_DATE('2023-08-23', 'YYYY-MM-DD'));
INSERT INTO congress_person (id, state_id, name, district, party, start_date) VALUES (6, 1, 'Palmer, Gary', '6th', 'R', TO_DATE('2023-11-06', 'YYYY-MM-DD'));
INSERT INTO congress_person (id, state_id, name, district, party, start_date) VALUES (7, 1, 'Sewell, Terri', '7th', 'D', TO_DATE('2023-03-06', 'YYYY-MM-DD'));
INSERT INTO state (id, name, region) VALUES (2, 'Alaska', 'Midwest');
INSERT INTO congress_person (id, state_id, name, district, party, start_date) VALUES (8, 2, 'Peltola, Mary', 'At Large', 'D', TO_DATE('2023-02-17', 'YYYY-MM-DD'));
INSERT INTO state (id, name, region) VALUES (3, 'American Samoa', 'Southeast');
INSERT INTO congress_person (id, state_id, name, district, party, start_date) VALUES (9, 3, 'Radewagen, Aumua Amata', 'Delegate', 'R', TO_DATE('2023-08-21', 'YYYY-MM-DD'));
INSERT INTO state (id, name, region) VALUES (4, 'Arizona', 'Southwest');
INSERT INTO congress_person (id, state_id, name, district, party, start_date) VALUES (10, 4, 'Schweikert, David', '1st', 'R', TO_DATE('2023-09-20', 'YYYY-MM-DD'));
INSERT INTO congress_person (id, state_id, name, district, party, start_date) VALUES (11, 4, 'Crane, Elijah', '2nd', 'R', TO_DATE('2023-08-21', 'YYYY-MM-DD'));
INSERT INTO congress_person (id, state_id, name, district, party, start_date) VALUES (12, 4, 'Gallego, Ruben', '3rd', 'D', TO_DATE('2023-04-07', 'YYYY-MM-DD'));
INSERT INTO congress_person (id, state_id, name, district, party, start_date) VALUES (13, 4, 'Stanton, Greg', '4th', 'D', TO_DATE('2023-03-10', 'YYYY-MM-DD'));
INSERT INTO congress_person (id, state_id, name, district, party, start_date) VALUES (14, 4, 'Biggs, Andy', '5th', 'R', TO_DATE('2023-11-22', 'YYYY-MM-DD'));
INSERT INTO congress_person (id, state_id, name, district, party, start_date) VALUES (15, 4, 'Ciscomani, Juan', '6th', 'R', TO_DATE('2023-04-23', 'YYYY-MM-DD'));
INSERT INTO congress_person (id, state_id, name, district, party, start_date) VALUES (16, 4, 'Grijalva, Raul', '7th', 'D', TO_DATE('2023-05-03', 'YYYY-MM-DD'));
INSERT INTO congress_person (id, state_id, name, district, party, start_date) VALUES (17, 4, 'Lesko, Debbie', '8th', 'R', TO_DATE('2023-01-07', 'YYYY-MM-DD'));
INSERT INTO congress_person (id, state_id, name, district, party, start_date) VALUES (18, 4, 'Gosar, Paul', '9th', 'R', TO_DATE('2023-03-01', 'YYYY-MM-DD'));
INSERT INTO state (id, name, region) VALUES (5, 'Arkansas', 'Northeast');
INSERT INTO congress_person (id, state_id, name, district, party, start_date) VALUES (19, 5, 'Crawford, Eric', '1st', 'R', TO_DATE('2023-04-06', 'YYYY-MM-DD'));
INSERT INTO congress_person (id, state_id, name, district, party, start_date) VALUES (20, 5, 'Hill, J.', '2nd', 'R', TO_DATE('2023-04-25', 'YYYY-MM-DD'));
INSERT INTO congress_person (id, state_id, name, district, party, start_date) VALUES (21, 5, 'Womack, Steve', '3rd', 'R', TO_DATE('2023-08-15', 'YYYY-MM-DD'));
INSERT INTO congress_person (id, state_id, name, district, party, start_date) VALUES (22, 5, 'Westerman, Bruce', '4th', 'R', TO_DATE('2023-09-16', 'YYYY-MM-DD'));
INSERT INTO state (id, name, region) VALUES (6, 'California', 'Midwest');
INSERT INTO congress_person (id, state_id, name, district, party, start_date) VALUES (23, 6, 'LaMalfa, Doug', '1st', 'R', TO_DATE('2023-09-07', 'YYYY-MM-DD'));
INSERT INTO congress_person (id, state_id, name, district, party, start_date) VALUES (24, 6, 'Huffman, Jared', '2nd', 'D', TO_DATE('2023-01-22', 'YYYY-MM-DD'));
INSERT INTO congress_person (id, state_id, name, district, party, start_date) VALUES (25, 6, 'Kiley, Kevin', '3rd', 'R', TO_DATE('2023-04-15', 'YYYY-MM-DD'));
INSERT INTO congress_person (id, state_id, name, district, party, start_date) VALUES (26, 6, 'Thompson, Mike', '4th', 'D', TO_DATE('2023-08-07', 'YYYY-MM-DD'));
INSERT INTO congress_person (id, state_id, name, district, party, start_date) VALUES (27, 6, 'McClintock, Tom', '5th', 'R', TO_DATE('2023-05-21', 'YYYY-MM-DD'));
INSERT INTO congress_person (id, state_id, name, district, party, start_date) VALUES (28, 6, 'Bera, Ami', '6th', 'D', TO_DATE('2023-06-20', 'YYYY-MM-DD'));
INSERT INTO congress_person (id, state_id, name, district, party, start_date) VALUES (29, 6, 'Matsui, Doris', '7th', 'D', TO_DATE('2023-11-01', 'YYYY-MM-DD'));
INSERT INTO congress_person (id, state_id, name, district, party, start_date) VALUES (30, 6, 'Garamendi, John', '8th', 'D', TO_DATE('2023-10-05', 'YYYY-MM-DD'));
INSERT INTO congress_person (id, state_id, name, district, party, start_date) VALUES (31, 6, 'Harder, Josh', '9th', 'D', TO_DATE('2023-10-13', 'YYYY-MM-DD'));
INSERT INTO congress_person (id, state_id, name, district, party, start_date) VALUES (32, 6, 'DeSaulnier, Mark', '10th', 'D', TO_DATE('2023-07-23', 'YYYY-MM-DD'));
INSERT INTO congress_person (id, state_id, name, district, party, start_date) VALUES (33, 6, 'Pelosi, Nancy', '11th', 'D', TO_DATE('2023-09-24', 'YYYY-MM-DD'));
INSERT INTO congress_person (id, state_id, name, district, party, start_date) VALUES (34, 6, 'Lee, Barbara', '12th', 'D', TO_DATE('2023-08-20', 'YYYY-MM-DD'));
INSERT INTO congress_person (id, state_id, name, district, party, start_date) VALUES (35, 6, 'Duarte, John', '13th', 'R', TO_DATE('2023-05-16', 'YYYY-MM-DD'));
INSERT INTO congress_person (id, state_id, name, district, party, start_date) VALUES (36, 6, 'Swalwell, Eric', '14th', 'D', TO_DATE('2023-04-22', 'YYYY-MM-DD'));
INSERT INTO congress_person (id, state_id, name, district, party, start_date) VALUES (37, 6, 'Mullin, Kevin', '15th', 'D', TO_DATE('2023-05-19', 'YYYY-MM-DD'));
INSERT INTO congress_person (id, state_id, name, district, party, start_date) VALUES (38, 6, 'Eshoo, Anna', '16th', 'D', TO_DATE('2023-09-15', 'YYYY-MM-DD'));
INSERT INTO congress_person (id, state_id, name, district, party, start_date) VALUES (39, 6, 'Khanna, Ro', '17th', 'D', TO_DATE('2023-04-10', 'YYYY-MM-DD'));
INSERT INTO congress_person (id, state_id, name, district, party, start_date) VALUES (40, 6, 'Lofgren, Zoe', '18th', 'D', TO_DATE('2023-10-20', 'YYYY-MM-DD'));
INSERT INTO congress_person (id, state_id, name, district, party, start_date) VALUES (41, 6, 'Panetta, Jimmy', '19th', 'D', TO_DATE('2023-12-08', 'YYYY-MM-DD'));
INSERT INTO congress_person (id, state_id, name, district, party, start_date) VALUES (42, 6, 'McCarthy, Kevin', '20th', 'R', TO_DATE('2023-08-01', 'YYYY-MM-DD'));
INSERT INTO congress_person (id, state_id, name, district, party, start_date) VALUES (43, 6, 'Costa, Jim', '21st', 'D', TO_DATE('2023-04-12', 'YYYY-MM-DD'));
INSERT INTO congress_person (id, state_id, name, district, party, start_date) VALUES (44, 6, 'Valadao, David', '22nd', 'R', TO_DATE('2023-01-22', 'YYYY-MM-DD'));
INSERT INTO congress_person (id, state_id, name, district, party, start_date) VALUES (45, 6, 'Obernolte, Jay', '23rd', 'R', TO_DATE('2023-12-02', 'YYYY-MM-DD'));
INSERT INTO congress_person (id, state_id, name, district, party, start_date) VALUES (46, 6, 'Carbajal, Salud', '24th', 'D', TO_DATE('2023-12-25', 'YYYY-MM-DD'));
INSERT INTO congress_person (id, state_id, name, district, party, start_date) VALUES (47, 6, 'Ruiz, Raul', '25th', 'D', TO_DATE('2023-01-01', 'YYYY-MM-DD'));
INSERT INTO congress_person (id, state_id, name, district, party, start_date) VALUES (48, 6, 'Brownley, Julia', '26th', 'D', TO_DATE('2023-04-09', 'YYYY-MM-DD'));
INSERT INTO congress_person (id, state_id, name, district, party, start_date) VALUES (49, 6, 'Garcia, Mike', '27th', 'R', TO_DATE('2023-04-03', 'YYYY-MM-DD'));
INSERT INTO congress_person (id, state_id, name, district, party, start_date) VALUES (50, 6, 'Chu, Judy', '28th', 'D', TO_DATE('2023-11-08', 'YYYY-MM-DD'));
INSERT INTO congress_person (id, state_id, name, district, party, start_date) VALUES (51, 6, 'Cardenas, Tony', '29th', 'D', TO_DATE('2023-04-05', 'YYYY-MM-DD'));
INSERT INTO congress_person (id, state_id, name, district, party, start_date) VALUES (52, 6, 'Schiff, Adam', '30th', 'D', TO_DATE('2023-05-12', 'YYYY-MM-DD'));
INSERT INTO congress_person (id, state_id, name, district, party, start_date) VALUES (53, 6, 'Napolitano, Grace', '31st', 'D', TO_DATE('2023-10-19', 'YYYY-MM-DD'));
INSERT INTO congress_person (id, state_id, name, district, party, start_date) VALUES (54, 6, 'Sherman, Brad', '32nd', 'D', TO_DATE('2023-09-19', 'YYYY-MM-DD'));
INSERT INTO congress_person (id, state_id, name, district, party, start_date) VALUES (55, 6, 'Aguilar, Pete', '33rd', 'D', TO_DATE('2023-08-06', 'YYYY-MM-DD'));
INSERT INTO congress_person (id, state_id, name, district, party, start_date) VALUES (56, 6, 'Gomez, Jimmy', '34th', 'D', TO_DATE('2023-03-13', 'YYYY-MM-DD'));
INSERT INTO congress_person (id, state_id, name, district, party, start_date) VALUES (57, 6, 'Torres, Norma', '35th', 'D', TO_DATE('2023-01-02', 'YYYY-MM-DD'));
INSERT INTO congress_person (id, state_id, name, district, party, start_date) VALUES (58, 6, 'Lieu, Ted', '36th', 'D', TO_DATE('2023-01-24', 'YYYY-MM-DD'));
INSERT INTO congress_person (id, state_id, name, district, party, start_date) VALUES (59, 6, 'Kamlager-Dove, Sydney', '37th', 'D', TO_DATE('2023-05-09', 'YYYY-MM-DD'));
INSERT INTO congress_person (id, state_id, name, district, party, start_date) VALUES (60, 6, 'Sanchez, Linda', '38th', 'D', TO_DATE('2023-05-23', 'YYYY-MM-DD'));
INSERT INTO congress_person (id, state_id, name, district, party, start_date) VALUES (61, 6, 'Takano, Mark', '39th', 'D', TO_DATE('2023-11-13', 'YYYY-MM-DD'));
INSERT INTO congress_person (id, state_id, name, district, party, start_date) VALUES (62, 6, 'Kim, Young', '40th', 'R', TO_DATE('2023-02-21', 'YYYY-MM-DD'));
INSERT INTO congress_person (id, state_id, name, district, party, start_date) VALUES (63, 6, 'Calvert, Ken', '41st', 'R', TO_DATE('2023-10-19', 'YYYY-MM-DD'));
INSERT INTO congress_person (id, state_id, name, district, party, start_date) VALUES (64, 6, 'Garcia, Robert', '42nd', 'D', TO_DATE('2023-02-11', 'YYYY-MM-DD'));
INSERT INTO congress_person (id, state_id, name, district, party, start_date) VALUES (65, 6, 'Waters, Maxine', '43rd', 'D', TO_DATE('2023-07-18', 'YYYY-MM-DD'));
INSERT INTO congress_person (id, state_id, name, district, party, start_date) VALUES (66, 6, 'Barragan, Nanette', '44th', 'D', TO_DATE('2023-03-04', 'YYYY-MM-DD'));
INSERT INTO congress_person (id, state_id, name, district, party, start_date) VALUES (67, 6, 'Steel, Michelle', '45th', 'R', TO_DATE('2023-05-21', 'YYYY-MM-DD'));
INSERT INTO congress_person (id, state_id, name, district, party, start_date) VALUES (68, 6, 'Correa, J.', '46th', 'D', TO_DATE('2023-05-05', 'YYYY-MM-DD'));
INSERT INTO congress_person (id, state_id, name, district, party, start_date) VALUES (69, 6, 'Porter, Katie', '47th', 'D', TO_DATE('2023-04-03', 'YYYY-MM-DD'));
INSERT INTO congress_person (id, state_id, name, district, party, start_date) VALUES (70, 6, 'Issa, Darrell', '48th', 'R', TO_DATE('2023-02-23', 'YYYY-MM-DD'));
INSERT INTO congress_person (id, state_id, name, district, party, start_date) VALUES (71, 6, 'Levin, Mike', '49th', 'D', TO_DATE('2023-10-20', 'YYYY-MM-DD'));
INSERT INTO congress_person (id, state_id, name, district, party, start_date) VALUES (72, 6, 'Peters, Scott', '50th', 'D', TO_DATE('2023-08-06', 'YYYY-MM-DD'));
INSERT INTO congress_person (id, state_id, name, district, party, start_date) VALUES (73, 6, 'Jacobs, Sara', '51st', 'D', TO_DATE('2023-05-14', 'YYYY-MM-DD'));
INSERT INTO congress_person (id, state_id, name, district, party, start_date) VALUES (74, 6, 'Vargas, Juan', '52nd', 'D', TO_DATE('2023-11-23', 'YYYY-MM-DD'));
INSERT INTO state (id, name, region) VALUES (7, 'Colorado', 'West');
INSERT INTO congress_person (id, state_id, name, district, party, start_date) VALUES (75, 7, 'DeGette, Diana', '1st', 'D', TO_DATE('2023-09-07', 'YYYY-MM-DD'));
INSERT INTO congress_person (id, state_id, name, district, party, start_date) VALUES (76, 7, 'Neguse, Joe', '2nd', 'D', TO_DATE('2023-01-22', 'YYYY-MM-DD'));
INSERT INTO congress_person (id, state_id, name, district, party, start_date) VALUES (77, 7, 'Boebert, Lauren', '3rd', 'R', TO_DATE('2023-12-16', 'YYYY-MM-DD'));
INSERT INTO congress_person (id, state_id, name, district, party, start_date) VALUES (78, 7, 'Buck, Ken', '4th', 'R', TO_DATE('2023-03-15', 'YYYY-MM-DD'));
INSERT INTO congress_person (id, state_id, name, district, party, start_date) VALUES (79, 7, 'Lamborn, Doug', '5th', 'R', TO_DATE('2023-09-14', 'YYYY-MM-DD'));
INSERT INTO congress_person (id, state_id, name, district, party, start_date) VALUES (80, 7, 'Crow, Jason', '6th', 'D', TO_DATE('2023-07-11', 'YYYY-MM-DD'));
INSERT INTO congress_person (id, state_id, name, district, party, start_date) VALUES (81, 7, 'Pettersen, Brittany', '7th', 'D', TO_DATE('2023-06-14', 'YYYY-MM-DD'));
INSERT INTO congress_person (id, state_id, name, district, party, start_date) VALUES (82, 7, 'Caraveo, Yadira', '8th', 'D', TO_DATE('2023-09-24', 'YYYY-MM-DD'));
INSERT INTO state (id, name, region) VALUES (8, 'Connecticut', 'Southeast');
INSERT INTO congress_person (id, state_id, name, district, party, start_date) VALUES (83, 8, 'Larson, John', '1st', 'D', TO_DATE('2023-03-05', 'YYYY-MM-DD'));
INSERT INTO congress_person (id, state_id, name, district, party, start_date) VALUES (84, 8, 'Courtney, Joe', '2nd', 'D', TO_DATE('2023-09-15', 'YYYY-MM-DD'));
INSERT INTO congress_person (id, state_id, name, district, party, start_date) VALUES (85, 8, 'DeLauro, Rosa', '3rd', 'D', TO_DATE('2023-04-18', 'YYYY-MM-DD'));
INSERT INTO congress_person (id, state_id, name, district, party, start_date) VALUES (86, 8, 'Himes, James', '4th', 'D', TO_DATE('2023-08-11', 'YYYY-MM-DD'));
INSERT INTO congress_person (id, state_id, name, district, party, start_date) VALUES (87, 8, 'Hayes, Jahana', '5th', 'D', TO_DATE('2023-05-13', 'YYYY-MM-DD'));
INSERT INTO state (id, name, region) VALUES (9, 'Delaware', 'Southeast');
INSERT INTO congress_person (id, state_id, name, district, party, start_date) VALUES (88, 9, 'Blunt Rochester, Lisa', 'At Large', 'D', TO_DATE('2023-01-21', 'YYYY-MM-DD'));
INSERT INTO state (id, name, region) VALUES (10, 'District of Columbia', 'Midwest');
INSERT INTO congress_person (id, state_id, name, district, party, start_date) VALUES (89, 10, 'Norton, Eleanor', 'Delegate', 'D', TO_DATE('2023-11-07', 'YYYY-MM-DD'));
INSERT INTO state (id, name, region) VALUES (11, 'Florida', 'Southwest');
INSERT INTO congress_person (id, state_id, name, district, party, start_date) VALUES (90, 11, 'Gaetz, Matt', '1st', 'R', TO_DATE('2023-10-10', 'YYYY-MM-DD'));
INSERT INTO congress_person (id, state_id, name, district, party, start_date) VALUES (91, 11, 'Dunn, Neal', '2nd', 'R', TO_DATE('2023-02-09', 'YYYY-MM-DD'));
INSERT INTO congress_person (id, state_id, name, district, party, start_date) VALUES (92, 11, 'Cammack, Kat', '3rd', 'R', TO_DATE('2023-09-07', 'YYYY-MM-DD'));
INSERT INTO congress_person (id, state_id, name, district, party, start_date) VALUES (93, 11, 'Bean, Aaron', '4th', 'R', TO_DATE('2023-02-12', 'YYYY-MM-DD'));
INSERT INTO congress_person (id, state_id, name, district, party, start_date) VALUES (94, 11, 'Rutherford, John', '5th', 'R', TO_DATE('2023-03-12', 'YYYY-MM-DD'));
INSERT INTO congress_person (id, state_id, name, district, party, start_date) VALUES (95, 11, 'Waltz, Michael', '6th', 'R', TO_DATE('2023-02-01', 'YYYY-MM-DD'));
INSERT INTO congress_person (id, state_id, name, district, party, start_date) VALUES (96, 11, 'Mills, Cory', '7th', 'R', TO_DATE('2023-07-22', 'YYYY-MM-DD'));
INSERT INTO congress_person (id, state_id, name, district, party, start_date) VALUES (97, 11, 'Posey, Bill', '8th', 'R', TO_DATE('2023-06-17', 'YYYY-MM-DD'));
INSERT INTO congress_person (id, state_id, name, district, party, start_date) VALUES (98, 11, 'Soto, Darren', '9th', 'D', TO_DATE('2023-05-04', 'YYYY-MM-DD'));
INSERT INTO congress_person (id, state_id, name, district, party, start_date) VALUES (99, 11, 'Frost, Maxwell', '10th', 'D', TO_DATE('2023-11-03', 'YYYY-MM-DD'));
INSERT INTO congress_person (id, state_id, name, district, party, start_date) VALUES (100, 11, 'Webster, Daniel', '11th', 'R', TO_DATE('2023-11-01', 'YYYY-MM-DD'));
INSERT INTO congress_person (id, state_id, name, district, party, start_date) VALUES (101, 11, 'Bilirakis, Gus', '12th', 'R', TO_DATE('2023-08-19', 'YYYY-MM-DD'));
INSERT INTO congress_person (id, state_id, name, district, party, start_date) VALUES (102, 11, 'Luna, Anna Paulina', '13th', 'R', TO_DATE('2023-04-19', 'YYYY-MM-DD'));
INSERT INTO congress_person (id, state_id, name, district, party, start_date) VALUES (103, 11, 'Castor, Kathy', '14th', 'D', TO_DATE('2023-02-23', 'YYYY-MM-DD'));
INSERT INTO congress_person (id, state_id, name, district, party, start_date) VALUES (104, 11, 'Lee, Laurel', '15th', 'R', TO_DATE('2023-03-05', 'YYYY-MM-DD'));
INSERT INTO congress_person (id, state_id, name, district, party, start_date) VALUES (105, 11, 'Buchanan, Vern', '16th', 'R', TO_DATE('2023-10-23', 'YYYY-MM-DD'));
INSERT INTO congress_person (id, state_id, name, district, party, start_date) VALUES (106, 11, 'Steube, W.', '17th', 'R', TO_DATE('2023-02-09', 'YYYY-MM-DD'));
INSERT INTO congress_person (id, state_id, name, district, party, start_date) VALUES (107, 11, 'Franklin, Scott', '18th', 'R', TO_DATE('2023-09-12', 'YYYY-MM-DD'));
INSERT INTO congress_person (id, state_id, name, district, party, start_date) VALUES (108, 11, 'Donalds, Byron', '19th', 'R', TO_DATE('2023-02-17', 'YYYY-MM-DD'));
INSERT INTO congress_person (id, state_id, name, district, party, start_date) VALUES (109, 11, 'Cherfilus-McCormick, Sheila', '20th', 'D', TO_DATE('2023-02-03', 'YYYY-MM-DD'));
INSERT INTO congress_person (id, state_id, name, district, party, start_date) VALUES (110, 11, 'Mast, Brian', '21st', 'R', TO_DATE('2023-01-04', 'YYYY-MM-DD'));
INSERT INTO congress_person (id, state_id, name, district, party, start_date) VALUES (111, 11, 'Frankel, Lois', '22nd', 'D', TO_DATE('2023-04-23', 'YYYY-MM-DD'));
INSERT INTO congress_person (id, state_id, name, district, party, start_date) VALUES (112, 11, 'Moskowitz, Jared', '23rd', 'D', TO_DATE('2023-12-06', 'YYYY-MM-DD'));
INSERT INTO congress_person (id, state_id, name, district, party, start_date) VALUES (113, 11, 'Wilson, Frederica', '24th', 'D', TO_DATE('2023-07-24', 'YYYY-MM-DD'));
INSERT INTO congress_person (id, state_id, name, district, party, start_date) VALUES (114, 11, 'Wasserman Schultz, Debbie', '25th', 'D', TO_DATE('2023-08-12', 'YYYY-MM-DD'));
INSERT INTO congress_person (id, state_id, name, district, party, start_date) VALUES (115, 11, 'Diaz-Balart, Mario', '26th', 'R', TO_DATE('2023-10-07', 'YYYY-MM-DD'));
INSERT INTO congress_person (id, state_id, name, district, party, start_date) VALUES (116, 11, 'Salazar, Maria', '27th', 'R', TO_DATE('2023-11-07', 'YYYY-MM-DD'));
INSERT INTO congress_person (id, state_id, name, district, party, start_date) VALUES (117, 11, 'Gimenez, Carlos', '28th', 'R', TO_DATE('2023-01-23', 'YYYY-MM-DD'));
INSERT INTO state (id, name, region) VALUES (12, 'Georgia', 'Southeast');
INSERT INTO congress_person (id, state_id, name, district, party, start_date) VALUES (118, 12, 'Carter, Earl', '1st', 'R', TO_DATE('2023-11-18', 'YYYY-MM-DD'));
INSERT INTO congress_person (id, state_id, name, district, party, start_date) VALUES (119, 12, 'Bishop, Sanford', '2nd', 'D', TO_DATE('2023-08-03', 'YYYY-MM-DD'));
INSERT INTO congress_person (id, state_id, name, district, party, start_date) VALUES (120, 12, 'Ferguson, A.', '3rd', 'R', TO_DATE('2023-08-07', 'YYYY-MM-DD'));
INSERT INTO congress_person (id, state_id, name, district, party, start_date) VALUES (121, 12, 'Johnson, Henry', '4th', 'D', TO_DATE('2023-06-17', 'YYYY-MM-DD'));
INSERT INTO congress_person (id, state_id, name, district, party, start_date) VALUES (122, 12, 'Williams, Nikema', '5th', 'D', TO_DATE('2023-10-06', 'YYYY-MM-DD'));
INSERT INTO congress_person (id, state_id, name, district, party, start_date) VALUES (123, 12, 'McCormick, Richard', '6th', 'R', TO_DATE('2023-11-20', 'YYYY-MM-DD'));
INSERT INTO congress_person (id, state_id, name, district, party, start_date) VALUES (124, 12, 'McBath, Lucy', '7th', 'D', TO_DATE('2023-04-25', 'YYYY-MM-DD'));
INSERT INTO congress_person (id, state_id, name, district, party, start_date) VALUES (125, 12, 'Scott, Austin', '8th', 'R', TO_DATE('2023-10-11', 'YYYY-MM-DD'));
INSERT INTO congress_person (id, state_id, name, district, party, start_date) VALUES (126, 12, 'Clyde, Andrew', '9th', 'R', TO_DATE('2023-03-18', 'YYYY-MM-DD'));
INSERT INTO congress_person (id, state_id, name, district, party, start_date) VALUES (127, 12, 'Collins, Mike', '10th', 'R', TO_DATE('2023-08-18', 'YYYY-MM-DD'));
INSERT INTO congress_person (id, state_id, name, district, party, start_date) VALUES (128, 12, 'Loudermilk, Barry', '11th', 'R', TO_DATE('2023-06-08', 'YYYY-MM-DD'));
INSERT INTO congress_person (id, state_id, name, district, party, start_date) VALUES (129, 12, 'Allen, Rick', '12th', 'R', TO_DATE('2023-01-09', 'YYYY-MM-DD'));
INSERT INTO congress_person (id, state_id, name, district, party, start_date) VALUES (130, 12, 'Scott, David', '13th', 'D', TO_DATE('2023-03-12', 'YYYY-MM-DD'));
INSERT INTO congress_person (id, state_id, name, district, party, start_date) VALUES (131, 12, 'Greene, Marjorie', '14th', 'R', TO_DATE('2023-08-16', 'YYYY-MM-DD'));
INSERT INTO state (id, name, region) VALUES (13, 'Guam', 'West');
INSERT INTO congress_person (id, state_id, name, district, party, start_date) VALUES (132, 13, 'Moylan, James', 'Delegate', 'R', TO_DATE('2023-06-05', 'YYYY-MM-DD'));
INSERT INTO state (id, name, region) VALUES (14, 'Hawaii', 'Midwest');
INSERT INTO congress_person (id, state_id, name, district, party, start_date) VALUES (133, 14, 'Case, Ed', '1st', 'D', TO_DATE('2023-06-14', 'YYYY-MM-DD'));
INSERT INTO congress_person (id, state_id, name, district, party, start_date) VALUES (134, 14, 'Tokuda, Jill', '2nd', 'D', TO_DATE('2023-05-12', 'YYYY-MM-DD'));
INSERT INTO state (id, name, region) VALUES (15, 'Idaho', 'Northeast');
INSERT INTO congress_person (id, state_id, name, district, party, start_date) VALUES (135, 15, 'Fulcher, Russ', '1st', 'R', TO_DATE('2023-03-17', 'YYYY-MM-DD'));
INSERT INTO congress_person (id, state_id, name, district, party, start_date) VALUES (136, 15, 'Simpson, Michael', '2nd', 'R', TO_DATE('2023-09-17', 'YYYY-MM-DD'));
INSERT INTO state (id, name, region) VALUES (16, 'Illinois', 'Midwest');
INSERT INTO congress_person (id, state_id, name, district, party, start_date) VALUES (137, 16, 'Jackson, Jonathan', '1st', 'D', TO_DATE('2023-02-19', 'YYYY-MM-DD'));
INSERT INTO congress_person (id, state_id, name, district, party, start_date) VALUES (138, 16, 'Kelly, Robin', '2nd', 'D', TO_DATE('2023-09-03', 'YYYY-MM-DD'));
INSERT INTO congress_person (id, state_id, name, district, party, start_date) VALUES (139, 16, 'Ramirez, Delia', '3rd', 'D', TO_DATE('2023-04-07', 'YYYY-MM-DD'));
INSERT INTO congress_person (id, state_id, name, district, party, start_date) VALUES (140, 16, 'Garcia, Jesus', '4th', 'D', TO_DATE('2023-02-22', 'YYYY-MM-DD'));
INSERT INTO congress_person (id, state_id, name, district, party, start_date) VALUES (141, 16, 'Quigley, Mike', '5th', 'D', TO_DATE('2023-01-07', 'YYYY-MM-DD'));
INSERT INTO congress_person (id, state_id, name, district, party, start_date) VALUES (142, 16, 'Casten, Sean', '6th', 'D', TO_DATE('2023-04-11', 'YYYY-MM-DD'));
INSERT INTO congress_person (id, state_id, name, district, party, start_date) VALUES (143, 16, 'Davis, Danny', '7th', 'D', TO_DATE('2023-01-17', 'YYYY-MM-DD'));
INSERT INTO congress_person (id, state_id, name, district, party, start_date) VALUES (144, 16, 'Krishnamoorthi, Raja', '8th', 'D', TO_DATE('2023-07-03', 'YYYY-MM-DD'));
INSERT INTO congress_person (id, state_id, name, district, party, start_date) VALUES (145, 16, 'Schakowsky, Janice', '9th', 'D', TO_DATE('2023-09-23', 'YYYY-MM-DD'));
INSERT INTO congress_person (id, state_id, name, district, party, start_date) VALUES (146, 16, 'Schneider, Bradley', '10th', 'D', TO_DATE('2023-10-01', 'YYYY-MM-DD'));
INSERT INTO congress_person (id, state_id, name, district, party, start_date) VALUES (147, 16, 'Foster, Bill', '11th', 'D', TO_DATE('2023-10-03', 'YYYY-MM-DD'));
INSERT INTO congress_person (id, state_id, name, district, party, start_date) VALUES (148, 16, 'Bost, Mike', '12th', 'R', TO_DATE('2023-04-15', 'YYYY-MM-DD'));
INSERT INTO congress_person (id, state_id, name, district, party, start_date) VALUES (149, 16, 'Budzinski, Nikki', '13th', 'D', TO_DATE('2023-05-12', 'YYYY-MM-DD'));
INSERT INTO congress_person (id, state_id, name, district, party, start_date) VALUES (150, 16, 'Underwood, Lauren', '14th', 'D', TO_DATE('2023-11-15', 'YYYY-MM-DD'));
INSERT INTO congress_person (id, state_id, name, district, party, start_date) VALUES (151, 16, 'Miller, Mary', '15th', 'R', TO_DATE('2023-03-23', 'YYYY-MM-DD'));
INSERT INTO congress_person (id, state_id, name, district, party, start_date) VALUES (152, 16, 'LaHood, Darin', '16th', 'R', TO_DATE('2023-09-14', 'YYYY-MM-DD'));
INSERT INTO congress_person (id, state_id, name, district, party, start_date) VALUES (153, 16, 'Sorensen, Eric', '17th', 'D', TO_DATE('2023-08-23', 'YYYY-MM-DD'));
INSERT INTO state (id, name, region) VALUES (17, 'Indiana', 'Southeast');
INSERT INTO congress_person (id, state_id, name, district, party, start_date) VALUES (154, 17, 'Mrvan, Frank', '1st', 'D', TO_DATE('2023-01-19', 'YYYY-MM-DD'));
INSERT INTO congress_person (id, state_id, name, district, party, start_date) VALUES (155, 17, 'Yakym, Rudy', '2nd', 'R', TO_DATE('2023-03-09', 'YYYY-MM-DD'));
INSERT INTO congress_person (id, state_id, name, district, party, start_date) VALUES (156, 17, 'Banks, Jim', '3rd', 'R', TO_DATE('2023-09-03', 'YYYY-MM-DD'));
INSERT INTO congress_person (id, state_id, name, district, party, start_date) VALUES (157, 17, 'Baird, James', '4th', 'R', TO_DATE('2023-07-21', 'YYYY-MM-DD'));
INSERT INTO congress_person (id, state_id, name, district, party, start_date) VALUES (158, 17, 'Spartz, Victoria', '5th', 'R', TO_DATE('2023-07-06', 'YYYY-MM-DD'));
INSERT INTO congress_person (id, state_id, name, district, party, start_date) VALUES (159, 17, 'Pence, Greg', '6th', 'R', TO_DATE('2023-06-09', 'YYYY-MM-DD'));
INSERT INTO congress_person (id, state_id, name, district, party, start_date) VALUES (160, 17, 'Carson, Andre', '7th', 'D', TO_DATE('2023-09-21', 'YYYY-MM-DD'));
INSERT INTO congress_person (id, state_id, name, district, party, start_date) VALUES (161, 17, 'Bucshon, Larry', '8th', 'R', TO_DATE('2023-08-15', 'YYYY-MM-DD'));
INSERT INTO congress_person (id, state_id, name, district, party, start_date) VALUES (162, 17, 'Houchin, Erin', '9th', 'R', TO_DATE('2023-07-06', 'YYYY-MM-DD'));
INSERT INTO state (id, name, region) VALUES (18, 'Iowa', 'Southwest');
INSERT INTO congress_person (id, state_id, name, district, party, start_date) VALUES (163, 18, 'Miller-Meeks, Mariannette', '1st', 'R', TO_DATE('2023-11-13', 'YYYY-MM-DD'));
INSERT INTO congress_person (id, state_id, name, district, party, start_date) VALUES (164, 18, 'Hinson, Ashley', '2nd', 'R', TO_DATE('2023-11-02', 'YYYY-MM-DD'));
INSERT INTO congress_person (id, state_id, name, district, party, start_date) VALUES (165, 18, 'Nunn, Zachary', '3rd', 'R', TO_DATE('2023-04-16', 'YYYY-MM-DD'));
INSERT INTO congress_person (id, state_id, name, district, party, start_date) VALUES (166, 18, 'Feenstra, Randy', '4th', 'R', TO_DATE('2023-08-25', 'YYYY-MM-DD'));
INSERT INTO state (id, name, region) VALUES (19, 'Kansas', 'Midwest');
INSERT INTO congress_person (id, state_id, name, district, party, start_date) VALUES (167, 19, 'Mann, Tracey', '1st', 'R', TO_DATE('2023-06-05', 'YYYY-MM-DD'));
INSERT INTO congress_person (id, state_id, name, district, party, start_date) VALUES (168, 19, 'LaTurner, Jake', '2nd', 'R', TO_DATE('2023-11-22', 'YYYY-MM-DD'));
INSERT INTO congress_person (id, state_id, name, district, party, start_date) VALUES (169, 19, 'Davids, Sharice', '3rd', 'D', TO_DATE('2023-02-19', 'YYYY-MM-DD'));
INSERT INTO congress_person (id, state_id, name, district, party, start_date) VALUES (170, 19, 'Estes, Ron', '4th', 'R', TO_DATE('2023-09-06', 'YYYY-MM-DD'));
INSERT INTO state (id, name, region) VALUES (20, 'Kentucky', 'West');
INSERT INTO congress_person (id, state_id, name, district, party, start_date) VALUES (171, 20, 'Comer, James', '1st', 'R', TO_DATE('2023-09-17', 'YYYY-MM-DD'));
INSERT INTO congress_person (id, state_id, name, district, party, start_date) VALUES (172, 20, 'Guthrie, Brett', '2nd', 'R', TO_DATE('2023-06-18', 'YYYY-MM-DD'));
INSERT INTO congress_person (id, state_id, name, district, party, start_date) VALUES (173, 20, 'McGarvey, Morgan', '3rd', 'D', TO_DATE('2023-06-07', 'YYYY-MM-DD'));
INSERT INTO congress_person (id, state_id, name, district, party, start_date) VALUES (174, 20, 'Massie, Thomas', '4th', 'R', TO_DATE('2023-04-10', 'YYYY-MM-DD'));
INSERT INTO congress_person (id, state_id, name, district, party, start_date) VALUES (175, 20, 'Rogers, Harold', '5th', 'R', TO_DATE('2023-05-18', 'YYYY-MM-DD'));
INSERT INTO congress_person (id, state_id, name, district, party, start_date) VALUES (176, 20, 'Barr, Andy', '6th', 'R', TO_DATE('2023-04-20', 'YYYY-MM-DD'));
INSERT INTO state (id, name, region) VALUES (21, 'Louisiana', 'Northeast');
INSERT INTO congress_person (id, state_id, name, district, party, start_date) VALUES (177, 21, 'Scalise, Steve', '1st', 'R', TO_DATE('2023-11-07', 'YYYY-MM-DD'));
INSERT INTO congress_person (id, state_id, name, district, party, start_date) VALUES (178, 21, 'Carter, Troy', '2nd', 'D', TO_DATE('2023-02-25', 'YYYY-MM-DD'));
INSERT INTO congress_person (id, state_id, name, district, party, start_date) VALUES (179, 21, 'Higgins, Clay', '3rd', 'R', TO_DATE('2023-09-03', 'YYYY-MM-DD'));
INSERT INTO congress_person (id, state_id, name, district, party, start_date) VALUES (180, 21, 'Johnson, Mike', '4th', 'R', TO_DATE('2023-12-24', 'YYYY-MM-DD'));
INSERT INTO congress_person (id, state_id, name, district, party, start_date) VALUES (181, 21, 'Letlow, Julia', '5th', 'R', TO_DATE('2023-09-05', 'YYYY-MM-DD'));
INSERT INTO congress_person (id, state_id, name, district, party, start_date) VALUES (182, 21, 'Graves, Garret', '6th', 'R', TO_DATE('2023-05-10', 'YYYY-MM-DD'));
INSERT INTO state (id, name, region) VALUES (22, 'Maine', 'Southeast');
INSERT INTO congress_person (id, state_id, name, district, party, start_date) VALUES (183, 22, 'Pingree, Chellie', '1st', 'D', TO_DATE('2023-03-03', 'YYYY-MM-DD'));
INSERT INTO congress_person (id, state_id, name, district, party, start_date) VALUES (184, 22, 'Golden, Jared', '2nd', 'D', TO_DATE('2023-12-10', 'YYYY-MM-DD'));
INSERT INTO state (id, name, region) VALUES (23, 'Maryland', 'Southeast');
INSERT INTO congress_person (id, state_id, name, district, party, start_date) VALUES (185, 23, 'Harris, Andy', '1st', 'R', TO_DATE('2023-12-02', 'YYYY-MM-DD'));
INSERT INTO congress_person (id, state_id, name, district, party, start_date) VALUES (186, 23, 'Ruppersberger, C.', '2nd', 'D', TO_DATE('2023-05-16', 'YYYY-MM-DD'));
INSERT INTO congress_person (id, state_id, name, district, party, start_date) VALUES (187, 23, 'Sarbanes, John', '3rd', 'D', TO_DATE('2023-08-11', 'YYYY-MM-DD'));
INSERT INTO congress_person (id, state_id, name, district, party, start_date) VALUES (188, 23, 'Ivey, Glenn', '4th', 'D', TO_DATE('2023-03-08', 'YYYY-MM-DD'));
INSERT INTO congress_person (id, state_id, name, district, party, start_date) VALUES (189, 23, 'Hoyer, Steny', '5th', 'D', TO_DATE('2023-07-08', 'YYYY-MM-DD'));
INSERT INTO congress_person (id, state_id, name, district, party, start_date) VALUES (190, 23, 'Trone, David', '6th', 'D', TO_DATE('2023-09-02', 'YYYY-MM-DD'));
INSERT INTO congress_person (id, state_id, name, district, party, start_date) VALUES (191, 23, 'Mfume, Kweisi', '7th', 'D', TO_DATE('2023-06-22', 'YYYY-MM-DD'));
INSERT INTO congress_person (id, state_id, name, district, party, start_date) VALUES (192, 23, 'Raskin, Jamie', '8th', 'D', TO_DATE('2023-07-11', 'YYYY-MM-DD'));
INSERT INTO state (id, name, region) VALUES (24, 'Massachusetts', 'Midwest');
INSERT INTO congress_person (id, state_id, name, district, party, start_date) VALUES (193, 24, 'Neal, Richard', '1st', 'D', TO_DATE('2023-08-04', 'YYYY-MM-DD'));
INSERT INTO congress_person (id, state_id, name, district, party, start_date) VALUES (194, 24, 'McGovern, James', '2nd', 'D', TO_DATE('2023-09-21', 'YYYY-MM-DD'));
INSERT INTO congress_person (id, state_id, name, district, party, start_date) VALUES (195, 24, 'Trahan, Lori', '3rd', 'D', TO_DATE('2023-01-10', 'YYYY-MM-DD'));
INSERT INTO congress_person (id, state_id, name, district, party, start_date) VALUES (196, 24, 'Auchincloss, Jake', '4th', 'D', TO_DATE('2023-07-22', 'YYYY-MM-DD'));
INSERT INTO congress_person (id, state_id, name, district, party, start_date) VALUES (197, 24, 'Clark, Katherine', '5th', 'D', TO_DATE('2023-04-22', 'YYYY-MM-DD'));
INSERT INTO congress_person (id, state_id, name, district, party, start_date) VALUES (198, 24, 'Moulton, Seth', '6th', 'D', TO_DATE('2023-10-13', 'YYYY-MM-DD'));
INSERT INTO congress_person (id, state_id, name, district, party, start_date) VALUES (199, 24, 'Pressley, Ayanna', '7th', 'D', TO_DATE('2023-02-14', 'YYYY-MM-DD'));
INSERT INTO congress_person (id, state_id, name, district, party, start_date) VALUES (200, 24, 'Lynch, Stephen', '8th', 'D', TO_DATE('2023-03-06', 'YYYY-MM-DD'));
INSERT INTO congress_person (id, state_id, name, district, party, start_date) VALUES (201, 24, 'Keating, William', '9th', 'D', TO_DATE('2023-02-25', 'YYYY-MM-DD'));
INSERT INTO state (id, name, region) VALUES (25, 'Michigan', 'Midwest');
INSERT INTO congress_person (id, state_id, name, district, party, start_date) VALUES (202, 25, 'Bergman, Jack', '1st', 'R', TO_DATE('2023-09-09', 'YYYY-MM-DD'));
INSERT INTO congress_person (id, state_id, name, district, party, start_date) VALUES (203, 25, 'Moolenaar, John', '2nd', 'R', TO_DATE('2023-01-19', 'YYYY-MM-DD'));
INSERT INTO congress_person (id, state_id, name, district, party, start_date) VALUES (204, 25, 'Scholten, Hillary', '3rd', 'D', TO_DATE('2023-08-13', 'YYYY-MM-DD'));
INSERT INTO congress_person (id, state_id, name, district, party, start_date) VALUES (205, 25, 'Huizenga, Bill', '4th', 'R', TO_DATE('2023-01-09', 'YYYY-MM-DD'));
INSERT INTO congress_person (id, state_id, name, district, party, start_date) VALUES (206, 25, 'Walberg, Tim', '5th', 'R', TO_DATE('2023-02-19', 'YYYY-MM-DD'));
INSERT INTO congress_person (id, state_id, name, district, party, start_date) VALUES (207, 25, 'Dingell, Debbie', '6th', 'D', TO_DATE('2023-03-20', 'YYYY-MM-DD'));
INSERT INTO congress_person (id, state_id, name, district, party, start_date) VALUES (208, 25, 'Slotkin, Elissa', '7th', 'D', TO_DATE('2023-03-04', 'YYYY-MM-DD'));
INSERT INTO congress_person (id, state_id, name, district, party, start_date) VALUES (209, 25, 'Kildee, Daniel', '8th', 'D', TO_DATE('2023-02-03', 'YYYY-MM-DD'));
INSERT INTO congress_person (id, state_id, name, district, party, start_date) VALUES (210, 25, 'McClain, Lisa', '9th', 'R', TO_DATE('2023-11-09', 'YYYY-MM-DD'));
INSERT INTO congress_person (id, state_id, name, district, party, start_date) VALUES (211, 25, 'James, John', '10th', 'R', TO_DATE('2023-03-10', 'YYYY-MM-DD'));
INSERT INTO congress_person (id, state_id, name, district, party, start_date) VALUES (212, 25, 'Stevens, Haley', '11th', 'D', TO_DATE('2023-12-15', 'YYYY-MM-DD'));
INSERT INTO congress_person (id, state_id, name, district, party, start_date) VALUES (213, 25, 'Tlaib, Rashida', '12th', 'D', TO_DATE('2023-09-04', 'YYYY-MM-DD'));
INSERT INTO congress_person (id, state_id, name, district, party, start_date) VALUES (214, 25, 'Thanedar, Shri', '13th', 'D', TO_DATE('2023-06-12', 'YYYY-MM-DD'));
INSERT INTO state (id, name, region) VALUES (26, 'Minnesota', 'Midwest');
INSERT INTO congress_person (id, state_id, name, district, party, start_date) VALUES (215, 26, 'Finstad, Brad', '1st', 'R', TO_DATE('2023-04-19', 'YYYY-MM-DD'));
INSERT INTO congress_person (id, state_id, name, district, party, start_date) VALUES (216, 26, 'Craig, Angie', '2nd', 'D', TO_DATE('2023-07-16', 'YYYY-MM-DD'));
INSERT INTO congress_person (id, state_id, name, district, party, start_date) VALUES (217, 26, 'Phillips, Dean', '3rd', 'D', TO_DATE('2023-11-19', 'YYYY-MM-DD'));
INSERT INTO congress_person (id, state_id, name, district, party, start_date) VALUES (218, 26, 'McCollum, Betty', '4th', 'D', TO_DATE('2023-09-18', 'YYYY-MM-DD'));
INSERT INTO congress_person (id, state_id, name, district, party, start_date) VALUES (219, 26, 'Omar, Ilhan', '5th', 'D', TO_DATE('2023-08-09', 'YYYY-MM-DD'));
INSERT INTO congress_person (id, state_id, name, district, party, start_date) VALUES (220, 26, 'Emmer, Tom', '6th', 'R', TO_DATE('2023-05-20', 'YYYY-MM-DD'));
INSERT INTO congress_person (id, state_id, name, district, party, start_date) VALUES (221, 26, 'Fischbach, Michelle', '7th', 'R', TO_DATE('2023-03-19', 'YYYY-MM-DD'));
INSERT INTO congress_person (id, state_id, name, district, party, start_date) VALUES (222, 26, 'Stauber, Pete', '8th', 'R', TO_DATE('2023-10-16', 'YYYY-MM-DD'));
INSERT INTO state (id, name, region) VALUES (27, 'Mississippi', 'Southwest');
INSERT INTO congress_person (id, state_id, name, district, party, start_date) VALUES (223, 27, 'Kelly, Trent', '1st', 'R', TO_DATE('2023-02-15', 'YYYY-MM-DD'));
INSERT INTO congress_person (id, state_id, name, district, party, start_date) VALUES (224, 27, 'Thompson, Bennie', '2nd', 'D', TO_DATE('2023-05-12', 'YYYY-MM-DD'));
INSERT INTO congress_person (id, state_id, name, district, party, start_date) VALUES (225, 27, 'Guest, Michael', '3rd', 'R', TO_DATE('2023-07-11', 'YYYY-MM-DD'));
INSERT INTO congress_person (id, state_id, name, district, party, start_date) VALUES (226, 27, 'Ezell, Mike', '4th', 'R', TO_DATE('2023-09-02', 'YYYY-MM-DD'));
INSERT INTO state (id, name, region) VALUES (28, 'Missouri', 'Southeast');
INSERT INTO congress_person (id, state_id, name, district, party, start_date) VALUES (227, 28, 'Bush, Cori', '1st', 'D', TO_DATE('2023-01-05', 'YYYY-MM-DD'));
INSERT INTO congress_person (id, state_id, name, district, party, start_date) VALUES (228, 28, 'Wagner, Ann', '2nd', 'R', TO_DATE('2023-02-06', 'YYYY-MM-DD'));
INSERT INTO congress_person (id, state_id, name, district, party, start_date) VALUES (229, 28, 'Luetkemeyer, Blaine', '3rd', 'R', TO_DATE('2023-06-01', 'YYYY-MM-DD'));
INSERT INTO congress_person (id, state_id, name, district, party, start_date) VALUES (230, 28, 'Alford, Mark', '4th', 'R', TO_DATE('2023-01-19', 'YYYY-MM-DD'));
INSERT INTO congress_person (id, state_id, name, district, party, start_date) VALUES (231, 28, 'Cleaver, Emanuel', '5th', 'D', TO_DATE('2023-10-22', 'YYYY-MM-DD'));
INSERT INTO congress_person (id, state_id, name, district, party, start_date) VALUES (232, 28, 'Graves, Sam', '6th', 'R', TO_DATE('2023-03-02', 'YYYY-MM-DD'));
INSERT INTO congress_person (id, state_id, name, district, party, start_date) VALUES (233, 28, 'Burlison, Eric', '7th', 'R', TO_DATE('2023-04-11', 'YYYY-MM-DD'));
INSERT INTO congress_person (id, state_id, name, district, party, start_date) VALUES (234, 28, 'Smith, Jason', '8th', 'R', TO_DATE('2023-01-01', 'YYYY-MM-DD'));
INSERT INTO state (id, name, region) VALUES (29, 'Montana', 'Southeast');
INSERT INTO congress_person (id, state_id, name, district, party, start_date) VALUES (235, 29, 'Zinke, Ryan', '1st', 'R', TO_DATE('2023-09-06', 'YYYY-MM-DD'));
INSERT INTO congress_person (id, state_id, name, district, party, start_date) VALUES (236, 29, 'Rosendale, Matthew', '2nd', 'R', TO_DATE('2023-12-10', 'YYYY-MM-DD'));
INSERT INTO state (id, name, region) VALUES (30, 'Nebraska', 'West');
INSERT INTO congress_person (id, state_id, name, district, party, start_date) VALUES (237, 30, 'Flood, Mike', '1st', 'R', TO_DATE('2023-03-03', 'YYYY-MM-DD'));
INSERT INTO congress_person (id, state_id, name, district, party, start_date) VALUES (238, 30, 'Bacon, Don', '2nd', 'R', TO_DATE('2023-06-11', 'YYYY-MM-DD'));
INSERT INTO congress_person (id, state_id, name, district, party, start_date) VALUES (239, 30, 'Smith, Adrian', '3rd', 'R', TO_DATE('2023-11-09', 'YYYY-MM-DD'));
INSERT INTO state (id, name, region) VALUES (31, 'Nevada', 'Midwest');
INSERT INTO congress_person (id, state_id, name, district, party, start_date) VALUES (240, 31, 'Titus, Dina', '1st', 'D', TO_DATE('2023-09-13', 'YYYY-MM-DD'));
INSERT INTO congress_person (id, state_id, name, district, party, start_date) VALUES (241, 31, 'Amodei, Mark', '2nd', 'R', TO_DATE('2023-04-06', 'YYYY-MM-DD'));
INSERT INTO congress_person (id, state_id, name, district, party, start_date) VALUES (242, 31, 'Lee, Susie', '3rd', 'D', TO_DATE('2023-04-20', 'YYYY-MM-DD'));
INSERT INTO congress_person (id, state_id, name, district, party, start_date) VALUES (243, 31, 'Horsford, Steven', '4th', 'D', TO_DATE('2023-06-12', 'YYYY-MM-DD'));
INSERT INTO state (id, name, region) VALUES (32, 'New Hampshire', 'Southwest');
INSERT INTO congress_person (id, state_id, name, district, party, start_date) VALUES (244, 32, 'Pappas, Chris', '1st', 'D', TO_DATE('2023-05-07', 'YYYY-MM-DD'));
INSERT INTO congress_person (id, state_id, name, district, party, start_date) VALUES (245, 32, 'Kuster, Ann', '2nd', 'D', TO_DATE('2023-10-19', 'YYYY-MM-DD'));
INSERT INTO state (id, name, region) VALUES (33, 'New Jersey', 'Midwest');
INSERT INTO congress_person (id, state_id, name, district, party, start_date) VALUES (246, 33, 'Norcross, Donald', '1st', 'D', TO_DATE('2023-04-05', 'YYYY-MM-DD'));
INSERT INTO congress_person (id, state_id, name, district, party, start_date) VALUES (247, 33, 'Van Drew, Jefferson', '2nd', 'R', TO_DATE('2023-07-20', 'YYYY-MM-DD'));
INSERT INTO congress_person (id, state_id, name, district, party, start_date) VALUES (248, 33, 'Kim, Andy', '3rd', 'D', TO_DATE('2023-10-25', 'YYYY-MM-DD'));
INSERT INTO congress_person (id, state_id, name, district, party, start_date) VALUES (249, 33, 'Smith, Christopher', '4th', 'R', TO_DATE('2023-01-13', 'YYYY-MM-DD'));
INSERT INTO congress_person (id, state_id, name, district, party, start_date) VALUES (250, 33, 'Gottheimer, Josh', '5th', 'D', TO_DATE('2023-02-04', 'YYYY-MM-DD'));
INSERT INTO congress_person (id, state_id, name, district, party, start_date) VALUES (251, 33, 'Pallone, Frank', '6th', 'D', TO_DATE('2023-11-01', 'YYYY-MM-DD'));
INSERT INTO congress_person (id, state_id, name, district, party, start_date) VALUES (252, 33, 'Kean, Thomas', '7th', 'R', TO_DATE('2023-04-01', 'YYYY-MM-DD'));
INSERT INTO congress_person (id, state_id, name, district, party, start_date) VALUES (253, 33, 'Menendez, Robert', '8th', 'D', TO_DATE('2023-02-14', 'YYYY-MM-DD'));
INSERT INTO congress_person (id, state_id, name, district, party, start_date) VALUES (254, 33, 'Pascrell, Bill', '9th', 'D', TO_DATE('2023-10-20', 'YYYY-MM-DD'));
INSERT INTO congress_person (id, state_id, name, district, party, start_date) VALUES (255, 33, 'Payne, Donald', '10th', 'D', TO_DATE('2023-10-02', 'YYYY-MM-DD'));
INSERT INTO congress_person (id, state_id, name, district, party, start_date) VALUES (256, 33, 'Sherrill, Mikie', '11th', 'D', TO_DATE('2023-02-18', 'YYYY-MM-DD'));
INSERT INTO congress_person (id, state_id, name, district, party, start_date) VALUES (257, 33, 'Watson Coleman, Bonnie', '12th', 'D', TO_DATE('2023-10-04', 'YYYY-MM-DD'));
INSERT INTO state (id, name, region) VALUES (34, 'New Mexico', 'Southwest');
INSERT INTO congress_person (id, state_id, name, district, party, start_date) VALUES (258, 34, 'Stansbury, Melanie', '1st', 'D', TO_DATE('2023-01-09', 'YYYY-MM-DD'));
INSERT INTO congress_person (id, state_id, name, district, party, start_date) VALUES (259, 34, 'Vasquez, Gabe', '2nd', 'D', TO_DATE('2023-08-05', 'YYYY-MM-DD'));
INSERT INTO congress_person (id, state_id, name, district, party, start_date) VALUES (260, 34, 'Leger Fernandez, Teresa', '3rd', 'D', TO_DATE('2023-02-17', 'YYYY-MM-DD'));
INSERT INTO state (id, name, region) VALUES (35, 'New York', 'West');
INSERT INTO congress_person (id, state_id, name, district, party, start_date) VALUES (261, 35, 'LaLota, Nick', '1st', 'R', TO_DATE('2023-01-25', 'YYYY-MM-DD'));
INSERT INTO congress_person (id, state_id, name, district, party, start_date) VALUES (262, 35, 'Garbarino, Andrew', '2nd', 'R', TO_DATE('2023-05-13', 'YYYY-MM-DD'));
INSERT INTO congress_person (id, state_id, name, district, party, start_date) VALUES (263, 35, 'Santos, George- Vacancy', '3rd', 'R', TO_DATE('2023-02-15', 'YYYY-MM-DD'));
INSERT INTO congress_person (id, state_id, name, district, party, start_date) VALUES (264, 35, 'DEsposito, Anthony', '4th', 'R', TO_DATE('2023-10-05', 'YYYY-MM-DD'));
INSERT INTO congress_person (id, state_id, name, district, party, start_date) VALUES (265, 35, 'Meeks, Gregory', '5th', 'D', TO_DATE('2023-02-08', 'YYYY-MM-DD'));
INSERT INTO congress_person (id, state_id, name, district, party, start_date) VALUES (266, 35, 'Meng, Grace', '6th', 'D', TO_DATE('2023-10-17', 'YYYY-MM-DD'));
INSERT INTO congress_person (id, state_id, name, district, party, start_date) VALUES (267, 35, 'Velazquez, Nydia', '7th', 'D', TO_DATE('2023-01-13', 'YYYY-MM-DD'));
INSERT INTO congress_person (id, state_id, name, district, party, start_date) VALUES (268, 35, 'Jeffries, Hakeem', '8th', 'D', TO_DATE('2023-07-10', 'YYYY-MM-DD'));
INSERT INTO congress_person (id, state_id, name, district, party, start_date) VALUES (269, 35, 'Clarke, Yvette', '9th', 'D', TO_DATE('2023-03-21', 'YYYY-MM-DD'));
INSERT INTO congress_person (id, state_id, name, district, party, start_date) VALUES (270, 35, 'Goldman, Daniel', '10th', 'D', TO_DATE('2023-05-16', 'YYYY-MM-DD'));
INSERT INTO congress_person (id, state_id, name, district, party, start_date) VALUES (271, 35, 'Malliotakis, Nicole', '11th', 'R', TO_DATE('2023-10-01', 'YYYY-MM-DD'));
INSERT INTO congress_person (id, state_id, name, district, party, start_date) VALUES (272, 35, 'Nadler, Jerrold', '12th', 'D', TO_DATE('2023-10-07', 'YYYY-MM-DD'));
INSERT INTO congress_person (id, state_id, name, district, party, start_date) VALUES (273, 35, 'Espaillat, Adriano', '13th', 'D', TO_DATE('2023-11-12', 'YYYY-MM-DD'));
INSERT INTO congress_person (id, state_id, name, district, party, start_date) VALUES (274, 35, 'Ocasio-Cortez, Alexandria', '14th', 'D', TO_DATE('2023-06-21', 'YYYY-MM-DD'));
INSERT INTO congress_person (id, state_id, name, district, party, start_date) VALUES (275, 35, 'Torres, Ritchie', '15th', 'D', TO_DATE('2023-01-12', 'YYYY-MM-DD'));
INSERT INTO congress_person (id, state_id, name, district, party, start_date) VALUES (276, 35, 'Bowman, Jamaal', '16th', 'D', TO_DATE('2023-08-25', 'YYYY-MM-DD'));
INSERT INTO congress_person (id, state_id, name, district, party, start_date) VALUES (277, 35, 'Lawler, Michael', '17th', 'R', TO_DATE('2023-08-11', 'YYYY-MM-DD'));
INSERT INTO congress_person (id, state_id, name, district, party, start_date) VALUES (278, 35, 'Ryan, Patrick', '18th', 'D', TO_DATE('2023-09-01', 'YYYY-MM-DD'));
INSERT INTO congress_person (id, state_id, name, district, party, start_date) VALUES (279, 35, 'Molinaro, Marcus', '19th', 'R', TO_DATE('2023-11-15', 'YYYY-MM-DD'));
INSERT INTO congress_person (id, state_id, name, district, party, start_date) VALUES (280, 35, 'Tonko, Paul', '20th', 'D', TO_DATE('2023-11-16', 'YYYY-MM-DD'));
INSERT INTO congress_person (id, state_id, name, district, party, start_date) VALUES (281, 35, 'Stefanik, Elise', '21st', 'R', TO_DATE('2023-07-11', 'YYYY-MM-DD'));
INSERT INTO congress_person (id, state_id, name, district, party, start_date) VALUES (282, 35, 'Williams, Brandon', '22nd', 'R', TO_DATE('2023-06-06', 'YYYY-MM-DD'));
INSERT INTO congress_person (id, state_id, name, district, party, start_date) VALUES (283, 35, 'Langworthy, Nicholas', '23rd', 'R', TO_DATE('2023-08-01', 'YYYY-MM-DD'));
INSERT INTO congress_person (id, state_id, name, district, party, start_date) VALUES (284, 35, 'Tenney, Claudia', '24th', 'R', TO_DATE('2023-03-11', 'YYYY-MM-DD'));
INSERT INTO congress_person (id, state_id, name, district, party, start_date) VALUES (285, 35, 'Morelle, Joseph', '25th', 'D', TO_DATE('2023-03-03', 'YYYY-MM-DD'));
INSERT INTO congress_person (id, state_id, name, district, party, start_date) VALUES (286, 35, 'Higgins, Brian', '26th', 'D', TO_DATE('2023-04-08', 'YYYY-MM-DD'));
INSERT INTO state (id, name, region) VALUES (36, 'North Carolina', 'Southwest');
INSERT INTO congress_person (id, state_id, name, district, party, start_date) VALUES (287, 36, 'Davis, Donald', '1st', 'D', TO_DATE('2023-03-05', 'YYYY-MM-DD'));
INSERT INTO congress_person (id, state_id, name, district, party, start_date) VALUES (288, 36, 'Ross, Deborah', '2nd', 'D', TO_DATE('2023-01-16', 'YYYY-MM-DD'));
INSERT INTO congress_person (id, state_id, name, district, party, start_date) VALUES (289, 36, 'Murphy, Gregory', '3rd', 'R', TO_DATE('2023-01-10', 'YYYY-MM-DD'));
INSERT INTO congress_person (id, state_id, name, district, party, start_date) VALUES (290, 36, 'Foushee, Valerie', '4th', 'D', TO_DATE('2023-09-17', 'YYYY-MM-DD'));
INSERT INTO congress_person (id, state_id, name, district, party, start_date) VALUES (291, 36, 'Foxx, Virginia', '5th', 'R', TO_DATE('2023-02-10', 'YYYY-MM-DD'));
INSERT INTO congress_person (id, state_id, name, district, party, start_date) VALUES (292, 36, 'Manning, Kathy', '6th', 'D', TO_DATE('2023-12-16', 'YYYY-MM-DD'));
INSERT INTO congress_person (id, state_id, name, district, party, start_date) VALUES (293, 36, 'Rouzer, David', '7th', 'R', TO_DATE('2023-06-18', 'YYYY-MM-DD'));
INSERT INTO congress_person (id, state_id, name, district, party, start_date) VALUES (294, 36, 'Bishop, Dan', '8th', 'R', TO_DATE('2023-01-06', 'YYYY-MM-DD'));
INSERT INTO congress_person (id, state_id, name, district, party, start_date) VALUES (295, 36, 'Hudson, Richard', '9th', 'R', TO_DATE('2023-10-12', 'YYYY-MM-DD'));
INSERT INTO congress_person (id, state_id, name, district, party, start_date) VALUES (296, 36, 'McHenry, Patrick', '10th', 'R', TO_DATE('2023-05-24', 'YYYY-MM-DD'));
INSERT INTO congress_person (id, state_id, name, district, party, start_date) VALUES (297, 36, 'Edwards, Chuck', '11th', 'R', TO_DATE('2023-03-21', 'YYYY-MM-DD'));
INSERT INTO congress_person (id, state_id, name, district, party, start_date) VALUES (298, 36, 'Adams, Alma', '12th', 'D', TO_DATE('2023-06-23', 'YYYY-MM-DD'));
INSERT INTO congress_person (id, state_id, name, district, party, start_date) VALUES (299, 36, 'Nickel, Wiley', '13th', 'D', TO_DATE('2023-02-13', 'YYYY-MM-DD'));
INSERT INTO congress_person (id, state_id, name, district, party, start_date) VALUES (300, 36, 'Jackson, Jeff', '14th', 'D', TO_DATE('2023-10-23', 'YYYY-MM-DD'));
INSERT INTO state (id, name, region) VALUES (37, 'North Dakota', 'Southeast');
INSERT INTO congress_person (id, state_id, name, district, party, start_date) VALUES (301, 37, 'Armstrong, Kelly', 'At Large', 'R', TO_DATE('2023-12-19', 'YYYY-MM-DD'));
INSERT INTO state (id, name, region) VALUES (38, 'Northern Mariana Islands', 'Northeast');
INSERT INTO congress_person (id, state_id, name, district, party, start_date) VALUES (302, 38, 'Sablan, Gregorio', 'Delegate', 'D', TO_DATE('2023-02-17', 'YYYY-MM-DD'));
INSERT INTO state (id, name, region) VALUES (39, 'Ohio', 'Southeast');
INSERT INTO congress_person (id, state_id, name, district, party, start_date) VALUES (303, 39, 'Landsman, Greg', '1st', 'D', TO_DATE('2023-11-02', 'YYYY-MM-DD'));
INSERT INTO congress_person (id, state_id, name, district, party, start_date) VALUES (304, 39, 'Wenstrup, Brad', '2nd', 'R', TO_DATE('2023-02-14', 'YYYY-MM-DD'));
INSERT INTO congress_person (id, state_id, name, district, party, start_date) VALUES (305, 39, 'Beatty, Joyce', '3rd', 'D', TO_DATE('2023-03-25', 'YYYY-MM-DD'));
INSERT INTO congress_person (id, state_id, name, district, party, start_date) VALUES (306, 39, 'Jordan, Jim', '4th', 'R', TO_DATE('2023-03-10', 'YYYY-MM-DD'));
INSERT INTO congress_person (id, state_id, name, district, party, start_date) VALUES (307, 39, 'Latta, Robert', '5th', 'R', TO_DATE('2023-04-01', 'YYYY-MM-DD'));
INSERT INTO congress_person (id, state_id, name, district, party, start_date) VALUES (308, 39, 'Johnson, Bill', '6th', 'R', TO_DATE('2023-05-16', 'YYYY-MM-DD'));
INSERT INTO congress_person (id, state_id, name, district, party, start_date) VALUES (309, 39, 'Miller, Max', '7th', 'R', TO_DATE('2023-07-03', 'YYYY-MM-DD'));
INSERT INTO congress_person (id, state_id, name, district, party, start_date) VALUES (310, 39, 'Davidson, Warren', '8th', 'R', TO_DATE('2023-08-07', 'YYYY-MM-DD'));
INSERT INTO congress_person (id, state_id, name, district, party, start_date) VALUES (311, 39, 'Kaptur, Marcy', '9th', 'D', TO_DATE('2023-04-25', 'YYYY-MM-DD'));
INSERT INTO congress_person (id, state_id, name, district, party, start_date) VALUES (312, 39, 'Turner, Michael', '10th', 'R', TO_DATE('2023-08-25', 'YYYY-MM-DD'));
INSERT INTO congress_person (id, state_id, name, district, party, start_date) VALUES (313, 39, 'Brown, Shontel', '11th', 'D', TO_DATE('2023-09-10', 'YYYY-MM-DD'));
INSERT INTO congress_person (id, state_id, name, district, party, start_date) VALUES (314, 39, 'Balderson, Troy', '12th', 'R', TO_DATE('2023-05-13', 'YYYY-MM-DD'));
INSERT INTO congress_person (id, state_id, name, district, party, start_date) VALUES (315, 39, 'Sykes, Emilia', '13th', 'D', TO_DATE('2023-10-22', 'YYYY-MM-DD'));
INSERT INTO congress_person (id, state_id, name, district, party, start_date) VALUES (316, 39, 'Joyce, David', '14th', 'R', TO_DATE('2023-01-25', 'YYYY-MM-DD'));
INSERT INTO congress_person (id, state_id, name, district, party, start_date) VALUES (317, 39, 'Carey, Mike', '15th', 'R', TO_DATE('2023-02-10', 'YYYY-MM-DD'));
INSERT INTO state (id, name, region) VALUES (40, 'Oklahoma', 'Midwest');
INSERT INTO congress_person (id, state_id, name, district, party, start_date) VALUES (318, 40, 'Hern, Kevin', '1st', 'R', TO_DATE('2023-01-01', 'YYYY-MM-DD'));
INSERT INTO congress_person (id, state_id, name, district, party, start_date) VALUES (319, 40, 'Brecheen, Josh', '2nd', 'R', TO_DATE('2023-11-06', 'YYYY-MM-DD'));
INSERT INTO congress_person (id, state_id, name, district, party, start_date) VALUES (320, 40, 'Lucas, Frank', '3rd', 'R', TO_DATE('2023-07-11', 'YYYY-MM-DD'));
INSERT INTO congress_person (id, state_id, name, district, party, start_date) VALUES (321, 40, 'Cole, Tom', '4th', 'R', TO_DATE('2023-02-06', 'YYYY-MM-DD'));
INSERT INTO congress_person (id, state_id, name, district, party, start_date) VALUES (322, 40, 'Bice, Stephanie', '5th', 'R', TO_DATE('2023-03-03', 'YYYY-MM-DD'));
INSERT INTO state (id, name, region) VALUES (41, 'Oregon', 'Southeast');
INSERT INTO congress_person (id, state_id, name, district, party, start_date) VALUES (323, 41, 'Bonamici, Suzanne', '1st', 'D', TO_DATE('2023-05-05', 'YYYY-MM-DD'));
INSERT INTO congress_person (id, state_id, name, district, party, start_date) VALUES (324, 41, 'Bentz, Cliff', '2nd', 'R', TO_DATE('2023-07-12', 'YYYY-MM-DD'));
INSERT INTO congress_person (id, state_id, name, district, party, start_date) VALUES (325, 41, 'Blumenauer, Earl', '3rd', 'D', TO_DATE('2023-05-07', 'YYYY-MM-DD'));
INSERT INTO congress_person (id, state_id, name, district, party, start_date) VALUES (326, 41, 'Hoyle, Val', '4th', 'D', TO_DATE('2023-10-12', 'YYYY-MM-DD'));
INSERT INTO congress_person (id, state_id, name, district, party, start_date) VALUES (327, 41, 'Chavez-DeRemer, Lori', '5th', 'R', TO_DATE('2023-01-04', 'YYYY-MM-DD'));
INSERT INTO congress_person (id, state_id, name, district, party, start_date) VALUES (328, 41, 'Salinas, Andrea', '6th', 'D', TO_DATE('2023-08-19', 'YYYY-MM-DD'));
INSERT INTO state (id, name, region) VALUES (42, 'Pennsylvania', 'Midwest');
INSERT INTO congress_person (id, state_id, name, district, party, start_date) VALUES (329, 42, 'Fitzpatrick, Brian', '1st', 'R', TO_DATE('2023-09-19', 'YYYY-MM-DD'));
INSERT INTO congress_person (id, state_id, name, district, party, start_date) VALUES (330, 42, 'Boyle, Brendan', '2nd', 'D', TO_DATE('2023-12-25', 'YYYY-MM-DD'));
INSERT INTO congress_person (id, state_id, name, district, party, start_date) VALUES (331, 42, 'Evans, Dwight', '3rd', 'D', TO_DATE('2023-09-23', 'YYYY-MM-DD'));
INSERT INTO congress_person (id, state_id, name, district, party, start_date) VALUES (332, 42, 'Dean, Madeleine', '4th', 'D', TO_DATE('2023-10-04', 'YYYY-MM-DD'));
INSERT INTO congress_person (id, state_id, name, district, party, start_date) VALUES (333, 42, 'Scanlon, Mary', '5th', 'D', TO_DATE('2023-12-07', 'YYYY-MM-DD'));
INSERT INTO congress_person (id, state_id, name, district, party, start_date) VALUES (334, 42, 'Houlahan, Chrissy', '6th', 'D', TO_DATE('2023-08-06', 'YYYY-MM-DD'));
INSERT INTO congress_person (id, state_id, name, district, party, start_date) VALUES (335, 42, 'Wild, Susan', '7th', 'D', TO_DATE('2023-03-21', 'YYYY-MM-DD'));
INSERT INTO congress_person (id, state_id, name, district, party, start_date) VALUES (336, 42, 'Cartwright, Matt', '8th', 'D', TO_DATE('2023-09-03', 'YYYY-MM-DD'));
INSERT INTO congress_person (id, state_id, name, district, party, start_date) VALUES (337, 42, 'Meuser, Daniel', '9th', 'R', TO_DATE('2023-07-20', 'YYYY-MM-DD'));
INSERT INTO congress_person (id, state_id, name, district, party, start_date) VALUES (338, 42, 'Perry, Scott', '10th', 'R', TO_DATE('2023-11-20', 'YYYY-MM-DD'));
INSERT INTO congress_person (id, state_id, name, district, party, start_date) VALUES (339, 42, 'Smucker, Lloyd', '11th', 'R', TO_DATE('2023-04-18', 'YYYY-MM-DD'));
INSERT INTO congress_person (id, state_id, name, district, party, start_date) VALUES (340, 42, 'Lee, Summer', '12th', 'D', TO_DATE('2023-03-01', 'YYYY-MM-DD'));
INSERT INTO congress_person (id, state_id, name, district, party, start_date) VALUES (341, 42, 'Joyce, John', '13th', 'R', TO_DATE('2023-01-17', 'YYYY-MM-DD'));
INSERT INTO congress_person (id, state_id, name, district, party, start_date) VALUES (342, 42, 'Reschenthaler, Guy', '14th', 'R', TO_DATE('2023-11-19', 'YYYY-MM-DD'));
INSERT INTO congress_person (id, state_id, name, district, party, start_date) VALUES (343, 42, 'Thompson, Glenn', '15th', 'R', TO_DATE('2023-10-19', 'YYYY-MM-DD'));
INSERT INTO congress_person (id, state_id, name, district, party, start_date) VALUES (344, 42, 'Kelly, Mike', '16th', 'R', TO_DATE('2023-02-01', 'YYYY-MM-DD'));
INSERT INTO congress_person (id, state_id, name, district, party, start_date) VALUES (345, 42, 'Deluzio, Christopher', '17th', 'D', TO_DATE('2023-07-16', 'YYYY-MM-DD'));
INSERT INTO state (id, name, region) VALUES (43, 'Puerto Rico', 'West');
INSERT INTO congress_person (id, state_id, name, district, party, start_date) VALUES (346, 43, 'Gonzalez-Colon, Jenniffer', 'Resident Commissioner', 'R', TO_DATE('2023-12-17', 'YYYY-MM-DD'));
INSERT INTO state (id, name, region) VALUES (44, 'Rhode Island', 'Southeast');
INSERT INTO congress_person (id, state_id, name, district, party, start_date) VALUES (347, 44, 'Amo, Gabe', '1st', 'D', TO_DATE('2023-05-05', 'YYYY-MM-DD'));
INSERT INTO congress_person (id, state_id, name, district, party, start_date) VALUES (348, 44, 'Magaziner, Seth', '2nd', 'D', TO_DATE('2023-11-16', 'YYYY-MM-DD'));
INSERT INTO state (id, name, region) VALUES (45, 'South Carolina', 'West');
INSERT INTO congress_person (id, state_id, name, district, party, start_date) VALUES (349, 45, 'Mace, Nancy', '1st', 'R', TO_DATE('2023-03-11', 'YYYY-MM-DD'));
INSERT INTO congress_person (id, state_id, name, district, party, start_date) VALUES (350, 45, 'Wilson, Joe', '2nd', 'R', TO_DATE('2023-09-24', 'YYYY-MM-DD'));
INSERT INTO congress_person (id, state_id, name, district, party, start_date) VALUES (351, 45, 'Duncan, Jeff', '3rd', 'R', TO_DATE('2023-03-08', 'YYYY-MM-DD'));
INSERT INTO congress_person (id, state_id, name, district, party, start_date) VALUES (352, 45, 'Timmons, William', '4th', 'R', TO_DATE('2023-11-03', 'YYYY-MM-DD'));
INSERT INTO congress_person (id, state_id, name, district, party, start_date) VALUES (353, 45, 'Norman, Ralph', '5th', 'R', TO_DATE('2023-09-09', 'YYYY-MM-DD'));
INSERT INTO congress_person (id, state_id, name, district, party, start_date) VALUES (354, 45, 'Clyburn, James', '6th', 'D', TO_DATE('2023-03-19', 'YYYY-MM-DD'));
INSERT INTO congress_person (id, state_id, name, district, party, start_date) VALUES (355, 45, 'Fry, Russell', '7th', 'R', TO_DATE('2023-10-03', 'YYYY-MM-DD'));
INSERT INTO state (id, name, region) VALUES (46, 'South Dakota', 'Southwest');
INSERT INTO congress_person (id, state_id, name, district, party, start_date) VALUES (356, 46, 'Johnson, Dusty', 'At Large', 'R', TO_DATE('2023-10-20', 'YYYY-MM-DD'));
INSERT INTO state (id, name, region) VALUES (47, 'Tennessee', 'Midwest');
INSERT INTO congress_person (id, state_id, name, district, party, start_date) VALUES (357, 47, 'Harshbarger, Diana', '1st', 'R', TO_DATE('2023-07-05', 'YYYY-MM-DD'));
INSERT INTO congress_person (id, state_id, name, district, party, start_date) VALUES (358, 47, 'Burchett, Tim', '2nd', 'R', TO_DATE('2023-04-10', 'YYYY-MM-DD'));
INSERT INTO congress_person (id, state_id, name, district, party, start_date) VALUES (359, 47, 'Fleischmann, Charles', '3rd', 'R', TO_DATE('2023-05-16', 'YYYY-MM-DD'));
INSERT INTO congress_person (id, state_id, name, district, party, start_date) VALUES (360, 47, 'DesJarlais, Scott', '4th', 'R', TO_DATE('2023-03-10', 'YYYY-MM-DD'));
INSERT INTO congress_person (id, state_id, name, district, party, start_date) VALUES (361, 47, 'Ogles, Andrew', '5th', 'R', TO_DATE('2023-12-02', 'YYYY-MM-DD'));
INSERT INTO congress_person (id, state_id, name, district, party, start_date) VALUES (362, 47, 'Rose, John', '6th', 'R', TO_DATE('2023-07-19', 'YYYY-MM-DD'));
INSERT INTO congress_person (id, state_id, name, district, party, start_date) VALUES (363, 47, 'Green, Mark', '7th', 'R', TO_DATE('2023-05-25', 'YYYY-MM-DD'));
INSERT INTO congress_person (id, state_id, name, district, party, start_date) VALUES (364, 47, 'Kustoff, David', '8th', 'R', TO_DATE('2023-01-07', 'YYYY-MM-DD'));
INSERT INTO congress_person (id, state_id, name, district, party, start_date) VALUES (365, 47, 'Cohen, Steve', '9th', 'D', TO_DATE('2023-11-18', 'YYYY-MM-DD'));
INSERT INTO state (id, name, region) VALUES (48, 'Texas', 'West');
INSERT INTO congress_person (id, state_id, name, district, party, start_date) VALUES (366, 48, 'Moran, Nathaniel', '1st', 'R', TO_DATE('2023-01-16', 'YYYY-MM-DD'));
INSERT INTO congress_person (id, state_id, name, district, party, start_date) VALUES (367, 48, 'Crenshaw, Dan', '2nd', 'R', TO_DATE('2023-02-01', 'YYYY-MM-DD'));
INSERT INTO congress_person (id, state_id, name, district, party, start_date) VALUES (368, 48, 'Self, Keith', '3rd', 'R', TO_DATE('2023-10-13', 'YYYY-MM-DD'));
INSERT INTO congress_person (id, state_id, name, district, party, start_date) VALUES (369, 48, 'Fallon, Pat', '4th', 'R', TO_DATE('2023-10-22', 'YYYY-MM-DD'));
INSERT INTO congress_person (id, state_id, name, district, party, start_date) VALUES (370, 48, 'Gooden, Lance', '5th', 'R', TO_DATE('2023-07-15', 'YYYY-MM-DD'));
INSERT INTO congress_person (id, state_id, name, district, party, start_date) VALUES (371, 48, 'Ellzey, Jake', '6th', 'R', TO_DATE('2023-07-18', 'YYYY-MM-DD'));
INSERT INTO congress_person (id, state_id, name, district, party, start_date) VALUES (372, 48, 'Fletcher, Lizzie', '7th', 'D', TO_DATE('2023-08-24', 'YYYY-MM-DD'));
INSERT INTO congress_person (id, state_id, name, district, party, start_date) VALUES (373, 48, 'Luttrell, Morgan', '8th', 'R', TO_DATE('2023-04-08', 'YYYY-MM-DD'));
INSERT INTO congress_person (id, state_id, name, district, party, start_date) VALUES (374, 48, 'Green, Al', '9th', 'D', TO_DATE('2023-08-08', 'YYYY-MM-DD'));
INSERT INTO congress_person (id, state_id, name, district, party, start_date) VALUES (375, 48, 'McCaul, Michael', '10th', 'R', TO_DATE('2023-07-25', 'YYYY-MM-DD'));
INSERT INTO congress_person (id, state_id, name, district, party, start_date) VALUES (376, 48, 'Pfluger, August', '11th', 'R', TO_DATE('2023-09-17', 'YYYY-MM-DD'));
INSERT INTO congress_person (id, state_id, name, district, party, start_date) VALUES (377, 48, 'Granger, Kay', '12th', 'R', TO_DATE('2023-04-05', 'YYYY-MM-DD'));
INSERT INTO congress_person (id, state_id, name, district, party, start_date) VALUES (378, 48, 'Jackson, Ronny', '13th', 'R', TO_DATE('2023-06-07', 'YYYY-MM-DD'));
INSERT INTO congress_person (id, state_id, name, district, party, start_date) VALUES (379, 48, 'Weber, Randy', '14th', 'R', TO_DATE('2023-10-14', 'YYYY-MM-DD'));
INSERT INTO congress_person (id, state_id, name, district, party, start_date) VALUES (380, 48, 'De La Cruz, Monica', '15th', 'R', TO_DATE('2023-02-13', 'YYYY-MM-DD'));
INSERT INTO congress_person (id, state_id, name, district, party, start_date) VALUES (381, 48, 'Escobar, Veronica', '16th', 'D', TO_DATE('2023-02-22', 'YYYY-MM-DD'));
INSERT INTO congress_person (id, state_id, name, district, party, start_date) VALUES (382, 48, 'Sessions, Pete', '17th', 'R', TO_DATE('2023-04-06', 'YYYY-MM-DD'));
INSERT INTO congress_person (id, state_id, name, district, party, start_date) VALUES (383, 48, 'Jackson Lee, Sheila', '18th', 'D', TO_DATE('2023-01-16', 'YYYY-MM-DD'));
INSERT INTO congress_person (id, state_id, name, district, party, start_date) VALUES (384, 48, 'Arrington, Jodey', '19th', 'R', TO_DATE('2023-08-02', 'YYYY-MM-DD'));
INSERT INTO congress_person (id, state_id, name, district, party, start_date) VALUES (385, 48, 'Castro, Joaquin', '20th', 'D', TO_DATE('2023-01-16', 'YYYY-MM-DD'));
INSERT INTO congress_person (id, state_id, name, district, party, start_date) VALUES (386, 48, 'Roy, Chip', '21st', 'R', TO_DATE('2023-01-17', 'YYYY-MM-DD'));
INSERT INTO congress_person (id, state_id, name, district, party, start_date) VALUES (387, 48, 'Nehls, Troy', '22nd', 'R', TO_DATE('2023-11-15', 'YYYY-MM-DD'));
INSERT INTO congress_person (id, state_id, name, district, party, start_date) VALUES (388, 48, 'Gonzales, Tony', '23rd', 'R', TO_DATE('2023-03-12', 'YYYY-MM-DD'));
INSERT INTO congress_person (id, state_id, name, district, party, start_date) VALUES (389, 48, 'Van Duyne, Beth', '24th', 'R', TO_DATE('2023-11-25', 'YYYY-MM-DD'));
INSERT INTO congress_person (id, state_id, name, district, party, start_date) VALUES (390, 48, 'Williams, Roger', '25th', 'R', TO_DATE('2023-11-21', 'YYYY-MM-DD'));
INSERT INTO congress_person (id, state_id, name, district, party, start_date) VALUES (391, 48, 'Burgess, Michael', '26th', 'R', TO_DATE('2023-10-08', 'YYYY-MM-DD'));
INSERT INTO congress_person (id, state_id, name, district, party, start_date) VALUES (392, 48, 'Cloud, Michael', '27th', 'R', TO_DATE('2023-03-24', 'YYYY-MM-DD'));
INSERT INTO congress_person (id, state_id, name, district, party, start_date) VALUES (393, 48, 'Cuellar, Henry', '28th', 'D', TO_DATE('2023-09-18', 'YYYY-MM-DD'));
INSERT INTO congress_person (id, state_id, name, district, party, start_date) VALUES (394, 48, 'Garcia, Sylvia', '29th', 'D', TO_DATE('2023-08-24', 'YYYY-MM-DD'));
INSERT INTO congress_person (id, state_id, name, district, party, start_date) VALUES (395, 48, 'Crockett, Jasmine', '30th', 'D', TO_DATE('2023-09-02', 'YYYY-MM-DD'));
INSERT INTO congress_person (id, state_id, name, district, party, start_date) VALUES (396, 48, 'Carter, John', '31st', 'R', TO_DATE('2023-08-11', 'YYYY-MM-DD'));
INSERT INTO congress_person (id, state_id, name, district, party, start_date) VALUES (397, 48, 'Allred, Colin', '32nd', 'D', TO_DATE('2023-08-24', 'YYYY-MM-DD'));
INSERT INTO congress_person (id, state_id, name, district, party, start_date) VALUES (398, 48, 'Veasey, Marc', '33rd', 'D', TO_DATE('2023-08-15', 'YYYY-MM-DD'));
INSERT INTO congress_person (id, state_id, name, district, party, start_date) VALUES (399, 48, 'Gonzalez, Vicente', '34th', 'D', TO_DATE('2023-10-12', 'YYYY-MM-DD'));
INSERT INTO congress_person (id, state_id, name, district, party, start_date) VALUES (400, 48, 'Casar, Greg', '35th', 'D', TO_DATE('2023-09-18', 'YYYY-MM-DD'));
INSERT INTO congress_person (id, state_id, name, district, party, start_date) VALUES (401, 48, 'Babin, Brian', '36th', 'R', TO_DATE('2023-11-13', 'YYYY-MM-DD'));
INSERT INTO congress_person (id, state_id, name, district, party, start_date) VALUES (402, 48, 'Doggett, Lloyd', '37th', 'D', TO_DATE('2023-10-09', 'YYYY-MM-DD'));
INSERT INTO congress_person (id, state_id, name, district, party, start_date) VALUES (403, 48, 'Hunt, Wesley', '38th', 'R', TO_DATE('2023-03-22', 'YYYY-MM-DD'));
INSERT INTO state (id, name, region) VALUES (49, 'Utah', 'Northeast');
INSERT INTO congress_person (id, state_id, name, district, party, start_date) VALUES (404, 49, 'Moore, Blake', '1st', 'R', TO_DATE('2023-05-11', 'YYYY-MM-DD'));
INSERT INTO congress_person (id, state_id, name, district, party, start_date) VALUES (405, 49, 'Maloy, Celeste', '2nd', 'R', TO_DATE('2023-10-25', 'YYYY-MM-DD'));
INSERT INTO congress_person (id, state_id, name, district, party, start_date) VALUES (406, 49, 'Curtis, John', '3rd', 'R', TO_DATE('2023-04-04', 'YYYY-MM-DD'));
INSERT INTO congress_person (id, state_id, name, district, party, start_date) VALUES (407, 49, 'Owens, Burgess', '4th', 'R', TO_DATE('2023-05-05', 'YYYY-MM-DD'));
INSERT INTO state (id, name, region) VALUES (50, 'Vermont', 'West');
INSERT INTO congress_person (id, state_id, name, district, party, start_date) VALUES (408, 50, 'Balint, Becca', 'At Large', 'D', TO_DATE('2023-10-24', 'YYYY-MM-DD'));
INSERT INTO state (id, name, region) VALUES (51, 'Virginia', 'Midwest');
INSERT INTO congress_person (id, state_id, name, district, party, start_date) VALUES (409, 51, 'Wittman, Robert', '1st', 'R', TO_DATE('2023-10-04', 'YYYY-MM-DD'));
INSERT INTO congress_person (id, state_id, name, district, party, start_date) VALUES (410, 51, 'Kiggans, Jennifer', '2nd', 'R', TO_DATE('2023-08-14', 'YYYY-MM-DD'));
INSERT INTO congress_person (id, state_id, name, district, party, start_date) VALUES (411, 51, 'Scott, Robert', '3rd', 'D', TO_DATE('2023-03-22', 'YYYY-MM-DD'));
INSERT INTO congress_person (id, state_id, name, district, party, start_date) VALUES (412, 51, 'McClellan, Jennifer', '4th', 'D', TO_DATE('2023-08-18', 'YYYY-MM-DD'));
INSERT INTO congress_person (id, state_id, name, district, party, start_date) VALUES (413, 51, 'Good, Bob', '5th', 'R', TO_DATE('2023-08-01', 'YYYY-MM-DD'));
INSERT INTO congress_person (id, state_id, name, district, party, start_date) VALUES (414, 51, 'Cline, Ben', '6th', 'R', TO_DATE('2023-11-12', 'YYYY-MM-DD'));
INSERT INTO congress_person (id, state_id, name, district, party, start_date) VALUES (415, 51, 'Spanberger, Abigail', '7th', 'D', TO_DATE('2023-12-20', 'YYYY-MM-DD'));
INSERT INTO congress_person (id, state_id, name, district, party, start_date) VALUES (416, 51, 'Beyer, Donald', '8th', 'D', TO_DATE('2023-05-04', 'YYYY-MM-DD'));
INSERT INTO congress_person (id, state_id, name, district, party, start_date) VALUES (417, 51, 'Griffith, H.', '9th', 'R', TO_DATE('2023-08-20', 'YYYY-MM-DD'));
INSERT INTO congress_person (id, state_id, name, district, party, start_date) VALUES (418, 51, 'Wexton, Jennifer', '10th', 'D', TO_DATE('2023-08-11', 'YYYY-MM-DD'));
INSERT INTO congress_person (id, state_id, name, district, party, start_date) VALUES (419, 51, 'Connolly, Gerald', '11th', 'D', TO_DATE('2023-01-10', 'YYYY-MM-DD'));
INSERT INTO state (id, name, region) VALUES (52, 'Virgin Islands', 'Northeast');
INSERT INTO congress_person (id, state_id, name, district, party, start_date) VALUES (420, 52, 'Plaskett, Stacey', 'Delegate', 'D', TO_DATE('2023-07-16', 'YYYY-MM-DD'));
INSERT INTO state (id, name, region) VALUES (53, 'Washington', 'Northeast');
INSERT INTO congress_person (id, state_id, name, district, party, start_date) VALUES (421, 53, 'DelBene, Suzan', '1st', 'D', TO_DATE('2023-02-14', 'YYYY-MM-DD'));
INSERT INTO congress_person (id, state_id, name, district, party, start_date) VALUES (422, 53, 'Larsen, Rick', '2nd', 'D', TO_DATE('2023-06-10', 'YYYY-MM-DD'));
INSERT INTO congress_person (id, state_id, name, district, party, start_date) VALUES (423, 53, 'Perez, Marie', '3rd', 'D', TO_DATE('2023-06-22', 'YYYY-MM-DD'));
INSERT INTO congress_person (id, state_id, name, district, party, start_date) VALUES (424, 53, 'Newhouse, Dan', '4th', 'R', TO_DATE('2023-08-23', 'YYYY-MM-DD'));
INSERT INTO congress_person (id, state_id, name, district, party, start_date) VALUES (425, 53, 'Rodgers, Cathy', '5th', 'R', TO_DATE('2023-12-03', 'YYYY-MM-DD'));
INSERT INTO congress_person (id, state_id, name, district, party, start_date) VALUES (426, 53, 'Kilmer, Derek', '6th', 'D', TO_DATE('2023-03-11', 'YYYY-MM-DD'));
INSERT INTO congress_person (id, state_id, name, district, party, start_date) VALUES (427, 53, 'Jayapal, Pramila', '7th', 'D', TO_DATE('2023-04-15', 'YYYY-MM-DD'));
INSERT INTO congress_person (id, state_id, name, district, party, start_date) VALUES (428, 53, 'Schrier, Kim', '8th', 'D', TO_DATE('2023-02-06', 'YYYY-MM-DD'));
INSERT INTO congress_person (id, state_id, name, district, party, start_date) VALUES (429, 53, 'Smith, Adam', '9th', 'D', TO_DATE('2023-04-13', 'YYYY-MM-DD'));
INSERT INTO congress_person (id, state_id, name, district, party, start_date) VALUES (430, 53, 'Strickland, Marilyn', '10th', 'D', TO_DATE('2023-11-24', 'YYYY-MM-DD'));
INSERT INTO state (id, name, region) VALUES (54, 'West Virginia', 'West');
INSERT INTO congress_person (id, state_id, name, district, party, start_date) VALUES (431, 54, 'Miller, Carol', '1st', 'R', TO_DATE('2023-06-09', 'YYYY-MM-DD'));
INSERT INTO congress_person (id, state_id, name, district, party, start_date) VALUES (432, 54, 'Mooney, Alexander', '2nd', 'R', TO_DATE('2023-02-21', 'YYYY-MM-DD'));
INSERT INTO state (id, name, region) VALUES (55, 'Wisconsin', 'Northeast');
INSERT INTO congress_person (id, state_id, name, district, party, start_date) VALUES (433, 55, 'Steil, Bryan', '1st', 'R', TO_DATE('2023-06-25', 'YYYY-MM-DD'));
INSERT INTO congress_person (id, state_id, name, district, party, start_date) VALUES (434, 55, 'Pocan, Mark', '2nd', 'D', TO_DATE('2023-12-13', 'YYYY-MM-DD'));
INSERT INTO congress_person (id, state_id, name, district, party, start_date) VALUES (435, 55, 'Van Orden, Derrick', '3rd', 'R', TO_DATE('2023-10-10', 'YYYY-MM-DD'));
INSERT INTO congress_person (id, state_id, name, district, party, start_date) VALUES (436, 55, 'Moore, Gwen', '4th', 'D', TO_DATE('2023-03-12', 'YYYY-MM-DD'));
INSERT INTO congress_person (id, state_id, name, district, party, start_date) VALUES (437, 55, 'Fitzgerald, Scott', '5th', 'R', TO_DATE('2023-12-25', 'YYYY-MM-DD'));
INSERT INTO congress_person (id, state_id, name, district, party, start_date) VALUES (438, 55, 'Grothman, Glenn', '6th', 'R', TO_DATE('2023-06-10', 'YYYY-MM-DD'));
INSERT INTO congress_person (id, state_id, name, district, party, start_date) VALUES (439, 55, 'Tiffany, Thomas', '7th', 'R', TO_DATE('2023-06-16', 'YYYY-MM-DD'));
INSERT INTO congress_person (id, state_id, name, district, party, start_date) VALUES (440, 55, 'Gallagher, Mike', '8th', 'R', TO_DATE('2023-07-24', 'YYYY-MM-DD'));
INSERT INTO state (id, name, region) VALUES (56, 'Wyoming', 'Southwest');
INSERT INTO congress_person (id, state_id, name, district, party, start_date) VALUES (441, 56, 'Hageman, Harriet', 'At Large', 'R', TO_DATE('2023-01-02', 'YYYY-MM-DD'));
INSERT INTO bill (id, bill_name, vote_date, sponser_id, passed) VALUES (1, 'Bill 1', TO_DATE('2023-09-18', 'YYYY-MM-DD'), 227, 1);
INSERT INTO bill (id, bill_name, vote_date, sponser_id, passed) VALUES (2, 'Bill 2', TO_DATE('2023-01-18', 'YYYY-MM-DD'), 187, 0);
INSERT INTO bill (id, bill_name, vote_date, sponser_id, passed) VALUES (3, 'Bill 3', TO_DATE('2023-11-10', 'YYYY-MM-DD'), 114, 0);
INSERT INTO bill (id, bill_name, vote_date, sponser_id, passed) VALUES (4, 'Bill 4', TO_DATE('2023-07-10', 'YYYY-MM-DD'), 163, 1);
INSERT INTO bill (id, bill_name, vote_date, sponser_id, passed) VALUES (5, 'Bill 5', TO_DATE('2023-10-06', 'YYYY-MM-DD'), 114, 1);
INSERT INTO bill (id, bill_name, vote_date, sponser_id, passed) VALUES (6, 'Bill 6', TO_DATE('2023-01-03', 'YYYY-MM-DD'), 201, 1);
INSERT INTO bill (id, bill_name, vote_date, sponser_id, passed) VALUES (7, 'Bill 7', TO_DATE('2023-04-06', 'YYYY-MM-DD'), 255, 0);
INSERT INTO bill (id, bill_name, vote_date, sponser_id, passed) VALUES (8, 'Bill 8', TO_DATE('2023-10-02', 'YYYY-MM-DD'), 66, 0);
INSERT INTO bill (id, bill_name, vote_date, sponser_id, passed) VALUES (9, 'Bill 9', TO_DATE('2023-04-14', 'YYYY-MM-DD'), 352, 1);
INSERT INTO bill (id, bill_name, vote_date, sponser_id, passed) VALUES (10, 'Bill 10', TO_DATE('2023-07-24', 'YYYY-MM-DD'), 151, 1);
INSERT INTO bill (id, bill_name, vote_date, sponser_id, passed) VALUES (11, 'Bill 11', TO_DATE('2023-05-12', 'YYYY-MM-DD'), 316, 1);
INSERT INTO bill (id, bill_name, vote_date, sponser_id, passed) VALUES (12, 'Bill 12', TO_DATE('2023-12-19', 'YYYY-MM-DD'), 311, 0);
INSERT INTO bill (id, bill_name, vote_date, sponser_id, passed) VALUES (13, 'Bill 13', TO_DATE('2023-06-13', 'YYYY-MM-DD'), 12, 0);
INSERT INTO bill (id, bill_name, vote_date, sponser_id, passed) VALUES (14, 'Bill 14', TO_DATE('2023-01-25', 'YYYY-MM-DD'), 77, 1);
INSERT INTO bill (id, bill_name, vote_date, sponser_id, passed) VALUES (15, 'Bill 15', TO_DATE('2023-07-25', 'YYYY-MM-DD'), 1, 1);
INSERT INTO bill (id, bill_name, vote_date, sponser_id, passed) VALUES (16, 'Bill 16', TO_DATE('2023-11-19', 'YYYY-MM-DD'), 389, 0);
INSERT INTO bill (id, bill_name, vote_date, sponser_id, passed) VALUES (17, 'Bill 17', TO_DATE('2023-02-16', 'YYYY-MM-DD'), 116, 0);
INSERT INTO bill (id, bill_name, vote_date, sponser_id, passed) VALUES (18, 'Bill 18', TO_DATE('2023-04-04', 'YYYY-MM-DD'), 432, 1);
INSERT INTO bill (id, bill_name, vote_date, sponser_id, passed) VALUES (19, 'Bill 19', TO_DATE('2023-08-22', 'YYYY-MM-DD'), 108, 0);
INSERT INTO bill (id, bill_name, vote_date, sponser_id, passed) VALUES (20, 'Bill 20', TO_DATE('2023-04-24', 'YYYY-MM-DD'), 279, 0);
INSERT INTO bill (id, bill_name, vote_date, sponser_id, passed) VALUES (21, 'Bill 21', TO_DATE('2023-03-24', 'YYYY-MM-DD'), 98, 0);
INSERT INTO bill (id, bill_name, vote_date, sponser_id, passed) VALUES (22, 'Bill 22', TO_DATE('2023-10-10', 'YYYY-MM-DD'), 254, 1);
INSERT INTO bill (id, bill_name, vote_date, sponser_id, passed) VALUES (23, 'Bill 23', TO_DATE('2023-02-08', 'YYYY-MM-DD'), 29, 0);
INSERT INTO bill (id, bill_name, vote_date, sponser_id, passed) VALUES (24, 'Bill 24', TO_DATE('2023-04-22', 'YYYY-MM-DD'), 286, 1);
INSERT INTO bill (id, bill_name, vote_date, sponser_id, passed) VALUES (25, 'Bill 25', TO_DATE('2023-12-09', 'YYYY-MM-DD'), 404, 0);
INSERT INTO bill (id, bill_name, vote_date, sponser_id, passed) VALUES (26, 'Bill 26', TO_DATE('2023-09-15', 'YYYY-MM-DD'), 254, 0);
INSERT INTO bill (id, bill_name, vote_date, sponser_id, passed) VALUES (27, 'Bill 27', TO_DATE('2023-09-23', 'YYYY-MM-DD'), 285, 1);
INSERT INTO bill (id, bill_name, vote_date, sponser_id, passed) VALUES (28, 'Bill 28', TO_DATE('2023-11-10', 'YYYY-MM-DD'), 427, 1);
INSERT INTO bill (id, bill_name, vote_date, sponser_id, passed) VALUES (29, 'Bill 29', TO_DATE('2023-12-24', 'YYYY-MM-DD'), 171, 0);
INSERT INTO bill (id, bill_name, vote_date, sponser_id, passed) VALUES (30, 'Bill 30', TO_DATE('2023-08-21', 'YYYY-MM-DD'), 439, 1);
INSERT INTO bill (id, bill_name, vote_date, sponser_id, passed) VALUES (31, 'Bill 31', TO_DATE('2023-01-07', 'YYYY-MM-DD'), 435, 0);
INSERT INTO bill (id, bill_name, vote_date, sponser_id, passed) VALUES (32, 'Bill 32', TO_DATE('2023-04-08', 'YYYY-MM-DD'), 115, 1);
INSERT INTO bill (id, bill_name, vote_date, sponser_id, passed) VALUES (33, 'Bill 33', TO_DATE('2023-07-02', 'YYYY-MM-DD'), 347, 1);
INSERT INTO bill (id, bill_name, vote_date, sponser_id, passed) VALUES (34, 'Bill 34', TO_DATE('2023-07-05', 'YYYY-MM-DD'), 205, 1);
INSERT INTO bill (id, bill_name, vote_date, sponser_id, passed) VALUES (35, 'Bill 35', TO_DATE('2023-08-18', 'YYYY-MM-DD'), 249, 0);
INSERT INTO bill (id, bill_name, vote_date, sponser_id, passed) VALUES (36, 'Bill 36', TO_DATE('2023-05-01', 'YYYY-MM-DD'), 43, 1);
INSERT INTO bill (id, bill_name, vote_date, sponser_id, passed) VALUES (37, 'Bill 37', TO_DATE('2023-09-18', 'YYYY-MM-DD'), 132, 0);
INSERT INTO bill (id, bill_name, vote_date, sponser_id, passed) VALUES (38, 'Bill 38', TO_DATE('2023-04-03', 'YYYY-MM-DD'), 200, 1);
INSERT INTO bill (id, bill_name, vote_date, sponser_id, passed) VALUES (39, 'Bill 39', TO_DATE('2023-11-08', 'YYYY-MM-DD'), 84, 0);
INSERT INTO bill (id, bill_name, vote_date, sponser_id, passed) VALUES (40, 'Bill 40', TO_DATE('2023-06-25', 'YYYY-MM-DD'), 408, 1);
INSERT INTO bill (id, bill_name, vote_date, sponser_id, passed) VALUES (41, 'Bill 41', TO_DATE('2023-04-11', 'YYYY-MM-DD'), 88, 0);
INSERT INTO bill (id, bill_name, vote_date, sponser_id, passed) VALUES (42, 'Bill 42', TO_DATE('2023-12-25', 'YYYY-MM-DD'), 390, 1);
INSERT INTO bill (id, bill_name, vote_date, sponser_id, passed) VALUES (43, 'Bill 43', TO_DATE('2023-02-21', 'YYYY-MM-DD'), 323, 1);
INSERT INTO bill (id, bill_name, vote_date, sponser_id, passed) VALUES (44, 'Bill 44', TO_DATE('2023-07-15', 'YYYY-MM-DD'), 279, 0);
INSERT INTO bill (id, bill_name, vote_date, sponser_id, passed) VALUES (45, 'Bill 45', TO_DATE('2023-09-10', 'YYYY-MM-DD'), 272, 1);
INSERT INTO bill (id, bill_name, vote_date, sponser_id, passed) VALUES (46, 'Bill 46', TO_DATE('2023-07-24', 'YYYY-MM-DD'), 296, 0);
INSERT INTO bill (id, bill_name, vote_date, sponser_id, passed) VALUES (47, 'Bill 47', TO_DATE('2023-01-18', 'YYYY-MM-DD'), 97, 1);
INSERT INTO bill (id, bill_name, vote_date, sponser_id, passed) VALUES (48, 'Bill 48', TO_DATE('2023-03-24', 'YYYY-MM-DD'), 140, 0);
INSERT INTO bill (id, bill_name, vote_date, sponser_id, passed) VALUES (49, 'Bill 49', TO_DATE('2023-06-25', 'YYYY-MM-DD'), 75, 1);
INSERT INTO bill (id, bill_name, vote_date, sponser_id, passed) VALUES (50, 'Bill 50', TO_DATE('2023-05-07', 'YYYY-MM-DD'), 236, 0);
